form	lemma	POS	morph
༄༅། །		PUNCT
དིང་རི་བ་	དིང་རི་བ་	PROPN
ཆེན་པོ་	ཆེན་པོ་	ADJ
འཆི་མེད་	འཆི་མེད་	NOUN
བློ་གྲོས་	བློ་གྲོས་	NOUN
བརྟན་པ་	བརྟན་པ་	VERB
འི་	གི་	PART
རྣམ་ཐར་	རྣམ་ཐར་	NOUN
ཡོན་ཏན་	ཡོན་ཏན་	NOUN
རབ་གསལ་	རབ་གསལ་	PROPN
ཞེ་	ཅེས་	PART
བྱ་བ་	བྱ་བ་	VERB
བཞུགས་	བཞུགས་	VERB
སོ་	གོ་	PART
། །		PUNCT
མཛད་པ་པོ་	མཛད་པ་པོ་	VERB
།		PUNCT
སྨིན་	སྨིན་	VERB
གླིང་	གླིང་	NOUN
ལོ་ཆེན་	ལོ་ཆེན་	NOUN
དྷརྨ་		NON_WORD
ཤྲཱི་		NON_WORD
"།
༄༅། །"		PUNCT
གུཎཔྲཀཱཤོནཱམམཧཱདིཾརིཀཱམརསྡྱིརམཏིབིམོཀྵོབིཧརཏིསྨ་		NON_WORD
། །		PUNCT
རྒྱ་གར་	རྒྱ་གར་	PROPN
སྐད་	སྐད་	NOUN
དུ་	ལ་	PART
།		PUNCT
གུཎཔྲཀཱཤོནཱམམཧཱདིཾརིཀཱམརསྡྱིརམཏིབིམོཀྵོ་		NON_WORD
།		PUNCT
བོད་སྐད་	བོད་སྐད་	PROPN
དུ་	ལ་	PART
།		PUNCT
དིང་རི་བ་	དིང་རི་བ་	PROPN
ཆེན་པོ་	ཆེན་པོ་	ADJ
འཆི་མེད་	འཆི་མེད་	NOUN
བློ་གྲོས་	བློ་གྲོས་	NOUN
བརྟན་པ་	བརྟན་པ་	VERB
འི་	གི་	PART
རྣམ་ཐར་	རྣམ་ཐར་	NOUN
ཡོན་ཏན་	ཡོན་ཏན་	NOUN
རབ་གསལ་	རབ་གསལ་	PROPN
ཞེ་	ཅེས་	PART
བྱ་བ་	བྱ་བ་	VERB
།		PUNCT
ཨཱོྃ་		NON_WORD
སྭསྟི་		NON_WORD
སིདྡྷཾ་		NON_WORD
།		PUNCT
དགེ་ལེགས་	དགེ་ལེགས་	OTHER
ཡོན་ཏན་	ཡོན་ཏན་	NOUN
དུ་མ་	དུ་མ་	ADJ
འི་	གི་	PART
གཏེར་	གཏེར་	NOUN
གྱུར་པ་	གྱུར་པ་	VERB
། །		PUNCT
དཔལ་ལྡན་	དཔལ་ལྡན་	ADJ
བླ་མ་	བླ་མ་	NOUN
འི་	གི་	PART
ཞབས་	ཞབས་	NOUN
ལ་	ལ་	PART
གུ་	གུ་	VERB
བཏུད་	བཏུད་	NO_POS
ན་	ནས་	PART
། །		PUNCT
གང་	གང་	NO_POS
གི་	གི་	PART
ཕུལ་བྱུང་	ཕུལ་བྱུང་	OTHER
མཛད་པ་	མཛད་པ་	VERB
མདོ་	མདོ་	NOUN
ཙམ་	ཙམ་	DET
ཞིག་	ཅིག་	PART
།		PUNCT
རང་སྐལ་	རང་སྐལ་	NO_POS
ཇི་བཞིན་	ཇི་བཞིན་	OTHER
བརྗོད་	བརྗོད་	VERB
ལ་	ལ་	PART
སྐྱོན་	སྐྱོན་	NOUN
ཡོད་	ཡོད་	VERB
མིན་	མིན་	AUX
། །		PUNCT
འདི་	འདི་	DET
ར་	ལ་	PART
མཆོག་	མཆོག་	ADJ
གི་	གི་	PART
བླ་མ་	བླ་མ་	NOUN
དམ་པ་	དམ་པ་	VERB
འཆི་མེད་	འཆི་མེད་	NOUN
བློ་གྲོས་	བློ་གྲོས་	NOUN
བརྟན་པ་	བརྟན་པ་	VERB
འི་	གི་	PART
སྐུ་	སྐུ་	NOUN
ཆེ་བ་	ཆེ་བ་	VERB
འི་	གི་	PART
ལོ་རྒྱུས་	ལོ་རྒྱུས་	NOUN
མདོ་	མདོ་	NOUN
ཙམ་	ཙམ་	DET
གླེང་	གླེང་	NO_POS
ན་	ལ་	PART
།		PUNCT
སྐྱེས་བུ་	སྐྱེས་བུ་	NOUN
འདི་	འདི་	DET
འི་	གི་	PART
འཁྲུངས་ཡུལ་	འཁྲུངས་ཡུལ་	NOUN
ནི་	ནི་	NO_POS
ཆོས་རྒྱལ་	ཆོས་རྒྱལ་	NOUN
བྱང་པ་	བྱང་པ་	PROPN
འི་	གི་	PART
ཆབ་ཞབས་	ཆབ་ཞབས་	NO_POS
དགེ་བསྙེན་	དགེ་བསྙེན་	NOUN
ཆེན་པོ་	ཆེན་པོ་	ADJ
གཙང་	གཙང་	PROPN
ལྷ་	ལྷ་	NOUN
འི་	གི་	PART
མདུན་	མདུན་	NOUN
།		PUNCT
ཟུར་	ཟུར་	NOUN
མཚོ་	མཚོ་	NOUN
ནུབ་	ནུབ་	ADV
རི་	རི་	NOUN
འི་	གི་	PART
ས་ཆ་	ས་ཆ་	NOUN
བོན་	བོན་	NO_POS
ཁང་	ཁང་	NOUN
བྱ་བ་	བྱ་བ་	VERB
ཡིན་	ཡིན་	NO_POS
།		PUNCT
དེ་ཡང་	དེ་ཡང་	ADV
གདུང་	གདུང་	NOUN
ནི་	ནི་	NO_POS
མེ་	མེ་	NOUN
ཉག་	ཉག་	NOUN
ཨ་ར་བ་	ཨ་ར་བ་	NO_POS
ཞེས་་	ཞེས་པ་	PART
མེ་	མེ་	NOUN
ཉག་	ཉག་	NOUN
རྒྱལ་པོ་	རྒྱལ་པོ་	NOUN
འི་	གི་	PART
རིགས་	རིགས་	NOUN
ལ་	ལ་	ADP
ས་	གིས་	PART
མཆེད་པ་	མཆེད་པ་	VERB
འི་	གི་	PART
སྤུན་	སྤུན་	NOUN
གསུམ་	གསུམ་	NUM
སྟོད་	སྟོད་	NOUN
དུ་	ལ་	PART
བྱུང་བ་	བྱུང་བ་	VERB
ནི་	ནི་	NO_POS
གཡས་རུ་	གཡས་རུ་	NOUN
བྱང་པ་	བྱང་པ་	PROPN
།		PUNCT
རོང་	རོང་	PROPN
ཁ་པ་	ཁ་པ་	OTHER
འི་	གི་	PART
དཔོན་པོ་	དཔོན་པོ་	NOUN
།		PUNCT
མེ་	མེ་	NOUN
ཉག་	ཉག་	NOUN
འདུལ་བ་	འདུལ་བ་	VERB
སེངྒེ་		NON_WORD
རྣམས་	རྣམས་	DET
ཡིན་	ཡིན་	NO_POS
།		PUNCT
འདུལ་བ་	འདུལ་བ་	VERB
སེངྒེ་		NON_WORD
ལ་	ལ་	PART
བུ་	བུ་	NOUN
རུས་	རུས་	NOUN
དང་	དང་	NO_POS
རྒྱུ་སྐར་	རྒྱུ་སྐར་	NOUN
གྱི་	གི་	PART
རྟེན་འབྲེལ་	རྟེན་འབྲེལ་	NOUN
ལ་	ལ་	ADP
ས་	གིས་	PART
བཏགས་པ་	བཏགས་པ་	VERB
ཨ་ར་	ཨ་ར་	NO_POS
སྨིན་	སྨིན་	VERB
དྲུག་	དྲུག་	NUM
བྱ་བ་	བྱ་བ་	VERB
ཞིག་	ཅིག་	PART
བྱུང་	བྱུང་	VERB
།		PUNCT
དེ་	དེ་	DET
ས་	གིས་	PART
ཕྱོགས་	ཕྱོགས་	NOUN
དེ་	དེ་	DET
འི་	གི་	PART
སྐྱེ་བོ་	སྐྱེ་བོ་	NOUN
ཉམ་ཐག་པ་	ཉམ་ཐག་པ་	NOUN
ཐམས་ཅད་	ཐམས་ཅད་	DET
ལ་	ལ་	PART
ཕན་	ཕན་	NOUN
བཏགས་	བཏགས་	VERB
ཤིང་	ཅིང་	PART
ལེགས་པ་	ལེགས་པ་	VERB
ར་	ལ་	PART
བསྐྱངས་པ་	བསྐྱངས་པ་	VERB
ས་	གིས་	PART
ཡུལ་མི་	ཡུལ་མི་	NOUN
ཐམས་ཅད་	ཐམས་ཅད་	DET
གཅིག་	གཅིག་	NUM
ཏུ་	ལ་	PART
འདུན་	འདུན་	VERB
ན་	ནས་	PART
ནུབ་	ནུབ་	ADV
རི་ལུང་པ་	རི་ལུང་པ་	NOUN
འི་	གི་	PART
དཔོན་པོ་	དཔོན་པོ་	NOUN
ར་	ལ་	PART
གྱུར་པ་	གྱུར་པ་	VERB
ལ་	ལ་	ADP
ས་	གིས་	PART
།		PUNCT
གདུང་རབས་	གདུང་རབས་	NOUN
མང་	མང་	VERB
ཞིག་	ཅིག་	PART
འདའ་	འདའ་	VERB
མཚམས་	མཚམས་	NOUN
ལོ་ཆེན་	ལོ་ཆེན་	NOUN
གྲགས་པ་	གྲགས་པ་	VERB
འི་	གི་	PART
སྐུ་ཚ་	སྐུ་ཚ་	NO_POS
ཨ་ར་	ཨ་ར་	NO_POS
རབ་འབྱམས་པ་	རབ་འབྱམས་པ་	ADJ
སོགས་	སོགས་	DET
བཤེས་གཉེན་	བཤེས་གཉེན་	NOUN
ཀྱང་	ཀྱང་	PART
མང་	མང་	VERB
དུ་	ལ་	PART
བྱོན་	བྱོན་	VERB
།		PUNCT
ཁྱད་པར་	ཁྱད་པར་	NOUN
རྗེ་	རྗེ་	NO_POS
འདི་	འདི་	DET
འི་	གི་	PART
ཡབ་	ཡབ་	NOUN
ནི་	ནི་	NO_POS
ཁྱབ་བདག་	ཁྱབ་བདག་	OTHER
དཔལ་འབྱོར་	དཔལ་འབྱོར་	OTHER
ཕུན་ཚོགས་	ཕུན་ཚོགས་	ADJ
ཀྱི་	གི་	PART
དབོན་མོ་	དབོན་མོ་	NO_POS
བྱང་སེམས་	བྱང་སེམས་	NOUN
ལྷ་མོ་	ལྷ་མོ་	NOUN
ར་	ལ་	PART
སྲ་	སྲ་	NOUN
བཞི་	བཞི་	NUM
མངའ་བ་	མངའ་བ་	VERB
འི་	གི་	PART
ཆེ་	ཆེ་	VERB
འོག་མ་	འོག་མ་	ADJ
བཀྲ་ཤིས་	བཀྲ་ཤིས་	NOUN
ཕན་	ཕན་	NOUN
ད་	ད་	NOUN
དང་	དང་	NO_POS
།		PUNCT
ཡུམ་	ཡུམ་	NOUN
བྱང་སེམས་	བྱང་སེམས་	NOUN
ཨ་	ཨ་	X
འདྲེན་མ་	འདྲེན་མ་	NO_POS
གཉིས་	གཉིས་	NUM
ཀྱི་	གི་	PART
སྲ་	སྲ་	NOUN
འབྲིང་པོ་	འབྲིང་པོ་	ADJ
ར་	ལ་	PART
ཆུ་ཕོ་	ཆུ་ཕོ་	NO_POS
སྤྲེའུ་	སྤྲེའུ་	NOUN
འི་	གི་	PART
ལོ་	ལོ་	NOUN
ར་	ལ་	PART
བལྟམས་	བལྟམས་	NO_POS
།		PUNCT
མཚན་	མཚན་	NOUN
འཇིགས་མེད་	འཇིགས་མེད་	PROPN
སྐྱབས་	སྐྱབས་	NOUN
སུ་	ལ་	PART
གསོལ་	གསོལ་	VERB
།		PUNCT
ཆུང་ངུ་	ཆུང་ངུ་	ADJ
ན་	ནས་	PART
རིགས་	རིགས་	NOUN
སད་པ་	སད་པ་	VERB
འི་	གི་	PART
རྟགས་	རྟགས་	NOUN
མངའ་བ་	མངའ་བ་	VERB
ས་	གིས་	PART
བྱིས་པ་	བྱིས་པ་	NOUN
ཟླ་བོ་	ཟླ་བོ་	NO_POS
རྣམས་	རྣམས་	DET
ཀྱིས་	གིས་	PART
བླ་མ་	བླ་མ་	NOUN
ཆོ་	ཆོ་	NOUN
ཞེ་	ཅེས་	PART
བླ་	བླ་	NOUN
མིང་	མིང་	NOUN
དུ་	ལ་	PART
བཏགས་	བཏགས་	VERB
།		PUNCT
ནུབ་	ནུབ་	ADV
དགོན་	དགོན་	OTHER
སྤྲུལ་སྐུ་	སྤྲུལ་སྐུ་	NOUN
ཤཱཀྱ་	ཤཱཀྱ་	PROPN
རྒྱལ་མཚན་པ་	རྒྱལ་མཚན་པ་	NOUN
འི་	གི་	PART
དྲུང་	དྲུང་	NOUN
དུ་	ལ་	PART
དབུ་སྐྲ་	དབུ་སྐྲ་	OTHER
བཅད་	བཅད་	VERB
དེ་	སྟེ་	PART
རབ་ཏུ་	རབ་ཏུ་	NO_POS
བྱུང་	བྱུང་	VERB
།		PUNCT
དགུང་ལོ་	དགུང་ལོ་	NOUN
བཅུ་	བཅུ་	NUM
བཞེས་པ་	བཞེས་པ་	VERB
ན་	ལ་	PART
།		PUNCT
ཁྱབ་བདག་	ཁྱབ་བདག་	OTHER
དཔལ་འབྱོར་	དཔལ་འབྱོར་	OTHER
ཕུན་ཚོགས་	ཕུན་ཚོགས་	ADJ
ཀྱིས་	གིས་	PART
བདག་	བདག་	PRON
རྐྱེན་	རྐྱེན་	NOUN
མཛད་	མཛད་	VERB
ནས་སྙེ་	ནས་སྙེ་	NO_POS
མོ་	གོ་	PART
ཆོས་འཁོར་	ཆོས་འཁོར་	NOUN
བདེ་ཆེན་	བདེ་ཆེན་	NOUN
དུ་	ལ་	PART
གསན་	གསན་	NO_POS
སྦྱོང་	སྦྱོང་	VERB
ལ་	ལ་	PART
ཕེབས་	ཕེབས་	NO_POS
ཏེ་	སྟེ་	PART
།		PUNCT
ལོ་	གོ་	PART
བདུན་	བདུན་	NUM
གྱི་	གི་	PART
བ་	བ་	NOUN
དབུ་ཚད་	དབུ་ཚད་	NOUN
འདུལ་	འདུལ་	NO_POS
མཛོད་	མཛོད་	NOUN
སྡོམ་	སྡོམ་	NOUN
གསུམ་	གསུམ་	NUM
རབ་	རབ་	ADV
དབྱེ་	དབྱེ་	VERB
རྣམས་	རྣམས་	DET
ལ་	ལ་	PART
གསན་	གསན་	NO_POS
སྦྱོང་	སྦྱོང་	VERB
ཤིན་ཏུ་	ཤིན་ཏུ་	NO_POS
ཞེ་	ཞེ་	PART
ཞུན་པ་	ཞུན་པ་	NO_POS
ས་	གིས་	PART
ཐོས་བསམ་	ཐོས་བསམ་	NOUN
གྱི་	གི་	PART
སྒྲོ་འདོགས་	སྒྲོ་འདོགས་	NOUN
ཆོད་པ་	ཆོད་པ་	VERB
ར་	ལ་	PART
མཛད་	མཛད་	VERB
དེ་	སྟེ་	PART
།		PUNCT
དགུང་ལོ་	དགུང་ལོ་	NOUN
བཅུ་བདུན་པ་	བཅུ་བདུན་པ་	NO_POS
ས་ཕོ་	ས་ཕོ་	NO_POS
བྱི་བ་	བྱི་བ་	NOUN
འི་	གི་	PART
ལོ་	གོ་	PART
དཔལ་	དཔལ་	OTHER
ངམས་		NON_WORD
རིང་	རིང་	NOUN
གི་	གི་	PART
ཆོས་གྲྭ་	ཆོས་གྲྭ་	NOUN
ཆེན་པོ་	ཆེན་པོ་	ADJ
ར་	ལ་	PART
རབ་འབྱམས་	རབ་འབྱམས་	ADJ
གྲ་	གྲ་	NOUN
བསྐོར་	བསྐོར་	VERB
ལ་	ལ་	PART
ཐེགས་པ་	ཐེགས་པ་	NO_POS
ས་	གིས་	PART
སྐུ་ན་	སྐུ་ན་	NOUN
ཕྲ་	ཕྲ་	NOUN
ཞིང་	ཅིང་	PART
སྟོན་པ་	སྟོན་པ་	NOUN
བཟང་བ་	བཟང་བ་	VERB
ས་	གིས་	PART
ཐམས་ཅད་	ཐམས་ཅད་	DET
ངོ་མཚར་	ངོ་མཚར་	ADJ
བ་	བ་	NOUN
བྱེད་	བྱེད་	VERB
།		PUNCT
དེ་	སྟེ་	PART
རྟིང་	རྟིང་	NO_POS
གླ་	གླ་	NOUN
འཁོར་	འཁོར་	NOUN
དུ་	ལ་	PART
ཁྱབ་བདག་	ཁྱབ་བདག་	OTHER
དཔལ་འབྱོར་	དཔལ་འབྱོར་	OTHER
ཕུན་ཚོགས་	ཕུན་ཚོགས་	ADJ
ཀྱི་	གི་	PART
ཞབས་	ཞབས་	NOUN
ལ་	ལ་	PART
གཏུགས་	གཏུགས་	VERB
ཏེ་	སྟེ་	PART
།		PUNCT
ལོ་	གོ་	PART
ངོ་	གོ་	PART
གཉིས་	གཉིས་	NUM
ཙམ་	ཙམ་	DET
གྱི་	གི་	PART
བ་	བ་	NOUN
ལ་	ལ་	PART
ཤིང་རྟ་	ཤིང་རྟ་	NOUN
ཆེན་པོ་	ཆེན་པོ་	ADJ
ལུགས་	ལུགས་	NOUN
གཉིས་	གཉིས་	NUM
ཀྱི་	གི་	PART
ཐུགས་བསྐྱེད་	ཐུགས་བསྐྱེད་	OTHER
།		PUNCT
འཇིགས་བྱེད་	འཇིགས་བྱེད་	OTHER
།		PUNCT
ཀུན་རིག་	ཀུན་རིག་	OTHER
ལ་སོགས་པ་	ལ་སོགས་པ་	NO_POS
འི་	གི་	PART
དབང་ལུང་	དབང་ལུང་	NO_POS
།		PUNCT
ཚེ་	ཚེ་	NOUN
རྟ་	རྟ་	NOUN
ཕྱག་རྡོར་	ཕྱག་རྡོར་	PROPN
།		PUNCT
ཆོས་བདག་	ཆོས་བདག་	NO_POS
དམག་ཟོར་	དམག་ཟོར་	PROPN
མ་	མ་	PART
སོགས་	སོགས་	DET
ཀྱི་	གི་	PART
རྗེས་གནང་	རྗེས་གནང་	NOUN
།		PUNCT
སྤ་	སྤ་	OTHER
ས་	གིས་	PART
སྙིང་	སྙིང་	NOUN
སྤྱི་	སྤྱི་	DET
གསུམ་	གསུམ་	NUM
།		PUNCT
སངས་རྒྱས་	སངས་རྒྱས་	NOUN
ཀྱི་	གི་	PART
འཁྲུངས་རབས་	འཁྲུངས་རབས་	OTHER
སོགས་བོ་	སོགས་བོ་	DET
ལུགས་	ལུགས་	NOUN
ཀྱི་	གི་	PART
དབང་	དབང་	NOUN
རྗེས་གནང་	རྗེས་གནང་	NOUN
ལུང་	ལུང་	NOUN
མན་ངག་	མན་ངག་	NOUN
དང་	དང་	NO_POS
བཅས་པ་	བཅས་པ་	VERB
།		PUNCT
བྱང་གཏེར་	བྱང་གཏེར་	OTHER
ཐུགས་	ཐུགས་	NOUN
སྒྲུབ་	སྒྲུབ་	VERB
སོགས་	སོགས་	DET
རྙིང་	རྙིང་	NO_POS
ལུགས་	ལུགས་	NOUN
།		PUNCT
ཞི་བྱེད་	ཞི་བྱེད་	NOUN
ལ་	ལ་	ADP
ས་	གིས་	PART
བདེ་གཤེགས་	བདེ་གཤེགས་	NOUN
བཅུ་གཉིས་	བཅུ་གཉིས་	NO_POS
ཀྱི་	གི་	PART
དབང་	དབང་	NOUN
དང་	དང་	NO_POS
།		PUNCT
སོ་	གོ་	PART
རིག་པ་	རིག་པ་	VERB
གཅེ་	གཅེ་	NO_POS
ར་	ལ་	PART
མཐོང་	མཐོང་	VERB
གི་	གི་	PART
ཁྲིད་	ཁྲིད་	VERB
།		PUNCT
བླ་མ་	བླ་མ་	NOUN
རྒྱུད་པ་	རྒྱུད་པ་	NOUN
འི་	གི་	PART
རྣམ་ཐར་	རྣམ་ཐར་	NOUN
ཐོར་བུ་	ཐོར་བུ་	OTHER
འི་	གི་	PART
ལུང་	ལུང་	NOUN
ཙམ་	ཙམ་	DET
ཞིག་	ཅིག་	PART
གསན་	གསན་	NO_POS
།		PUNCT
རྗེ་	རྗེ་	NO_POS
དཔལ་འབྱོར་	དཔལ་འབྱོར་	OTHER
ཕུན་ཚོགས་	ཕུན་ཚོགས་	ADJ
མི་	མི་	PART
རིང་བ་	རིང་བ་	VERB
ར་	ལ་	PART
སྐུ་གཤེགས་	སྐུ་གཤེགས་	NO_POS
རྗེས་	རྗེས་	NOUN
གཉེར་པ་	གཉེར་པ་	VERB
ཆོས་མཛད་	ཆོས་མཛད་	PROPN
དང་	དང་	NO_POS
།		PUNCT
ཨ་ནེ་	ཨ་ནེ་	NOUN
གཉིས་	གཉིས་	NUM
ཀྱིས་	གིས་	PART
ཕྱག་རྫས་	ཕྱག་རྫས་	NOUN
སྦ་	སྦ་	PROPN
ས་	གིས་	PART
ཤུགས་	ཤུགས་	NOUN
ཀྱིས་	གིས་	PART
བསྐྱལ་	བསྐྱལ་	NO_POS
།		PUNCT
གཞན་མ་	གཞན་མ་	PRON
འི་	གི་	PART
ཕྱགས་	ཕྱགས་	NOUN
ཕྱི་	ཕྱི་	NOUN
ཞོ་	ཞོ་	NOUN
ཐེག་པ་	ཐེག་པ་	NOUN
འང་	ཀྱང་	PART
མེད་པ་	མེད་པ་	VERB
ས་	གིས་	PART
དཀའ་བ་	དཀའ་བ་	VERB
ཆེ་	ཆེ་	VERB
ཙམ་	ཙམ་	DET
བྱུང་	བྱུང་	VERB
རུང་	རུང་	SCONJ
༑		PUNCT
རང་ཉིད་	རང་ཉིད་	OTHER
ཀྱི་	གི་	PART
ཕྱག་	ཕྱག་	NOUN
ན་	ལ་	PART
གང་ཡོད་	གང་ཡོད་	NO_POS
སྤུངས་པ་	སྤུངས་པ་	VERB
ལྟ་བུ་	ལྟ་བུ་	NOUN
ས་	གིས་	PART
དགོངས་པ་	དགོངས་པ་	VERB
རྫོགས་པ་	རྫོགས་པ་	VERB
འི་	གི་	PART
སྐུ་	སྐུ་	NOUN
འདད་	འདད་	NO_POS
དང་	དང་	NO_POS
།		PUNCT
ནང་	ནང་	NOUN
རྟེན་	རྟེན་	NOUN
དུ་	ལ་	PART
ཨོ་རྒྱན་	ཨོ་རྒྱན་	PROPN
རིན་པོ་ཆེ་	རིན་པོ་ཆེ་	ADJ
འི་	གི་	PART
སྐུ་	སྐུ་	NOUN
དངུལ་	དངུལ་	NOUN
ག་	ག་	NOUN
བླུགས་	བླུགས་	VERB
སུ་	ལ་	PART
བྱས་པ་	བྱས་པ་	VERB
དང་	དང་	NO_POS
༑		PUNCT
གཟིམས་མལ་	གཟིམས་མལ་	NOUN
འདྲ་འབག་	འདྲ་འབག་	OTHER
བཅའ་	བཅའ་	VERB
བཞེངས་	བཞེངས་	NO_POS
སུ་	ལ་	PART
གསོལ་བ་	གསོལ་བ་	VERB
འི་	གི་	PART
བཟོ་བོ་	བཟོ་བོ་	NO_POS
དང་	དང་	NO_POS
རབ་ཏུ་	རབ་ཏུ་	NO_POS
གནས་པ་	གནས་པ་	VERB
གཉིས་ཀ་	གཉིས་ཀ་	OTHER
རིན་པོ་ཆེ་	རིན་པོ་ཆེ་	ADJ
སྤང་པོ་	སྤང་པོ་	VERB
ཆེ་བ་	ཆེ་བ་	VERB
ས་	གིས་	PART
མཛད་	མཛད་	VERB
།		PUNCT
དེ་ནས་	དེ་ནས་	NO_POS
ཁྱབ་བདག་	ཁྱབ་བདག་	OTHER
དཔལ་འབྱོར་	དཔལ་འབྱོར་	OTHER
ཕུན་ཚོགས་	ཕུན་ཚོགས་	ADJ
ཀྱི་	གི་	PART
ཆོ་	ཆོ་	NOUN
འཕྲོ་	འཕྲོ་	NOUN
རྣམས་	རྣམས་	DET
རྗེ་	རྗེ་	NO_POS
དེ་	དེ་	DET
འི་	གི་	PART
ཐུགས་སྲས་	ཐུགས་སྲས་	NOUN
ཀྱི་	གི་	PART
གཙོ་བོ་	གཙོ་བོ་	ADJ
ཨ་བ་	ཨ་བ་	NO_POS
དྷཱུ་		NON_WORD
ཏི་པ་	ཏི་པ་	NO_POS
ཆེན་པོ་	ཆེན་པོ་	ADJ
རྡོ་རྗེ་	རྡོ་རྗེ་	NOUN
འཆང་	འཆང་	NO_POS
བཀྲ་ཤིས་	བཀྲ་ཤིས་	NOUN
བཟང་པོ་	བཟང་པོ་	ADJ
ལ་	ལ་	PART
ཞུ་བ་	ཞུ་བ་	VERB
ར་	ལ་	PART
དགོངས་	དགོངས་	VERB
ཏེ་	སྟེ་	PART
།		PUNCT
ཉིད་	ཉིད་	DET
ཀྱིས་	གིས་	PART
གསང་	གསང་	VERB
ཐབས་	ཐབས་	NOUN
སུ་	ལ་	PART
སྤྱན་	སྤྱན་	NOUN
འདྲེན་	འདྲེན་	NO_POS
དུ་	ལ་	PART
ཐེགས་པ་	ཐེགས་པ་	NO_POS
མངའ་རིས་	མངའ་རིས་	PROPN
ཀུ་	ཀུ་	NO_POS
ལ་	ལ་	ADP
འི་	གི་	PART
རི་ཁྲོད་	རི་ཁྲོད་	NOUN
ན་	ལ་	PART
བཞུགས་པ་	བཞུགས་པ་	VERB
དང་	དང་	NO_POS
མཇལ་	མཇལ་	NO_POS
།		PUNCT
ཞལ་བཞེས་	ཞལ་བཞེས་	NOUN
ཤིན་ཏུ་	ཤིན་ཏུ་	NO_POS
དཀའ་བ་	དཀའ་བ་	VERB
ར་	ལ་	PART
བྱུང་	བྱུང་	VERB
ན་	ན་	ADP
འང་	ཀྱང་	PART
ཞུ་	ཞུ་	VERB
ནན་	ནན་	NOUN
ཆེ་བ་	ཆེ་བ་	VERB
ར་	ལ་	PART
མཛད་པ་	མཛད་པ་	VERB
ས་	གིས་	PART
བཀའ་	བཀའ་	NOUN
ལ་	ལ་	ADP
ས་	གིས་	PART
།		PUNCT
དིང་	དིང་	NO_POS
དུས་	དུས་	NOUN
ཀྱི་	གི་	PART
དབང་	དབང་	NOUN
བསྐུར་	བསྐུར་	NO_POS
ཆོ་	ཆོ་	NOUN
འཆད་	འཆད་	VERB
འདི་	འདི་	DET
འང་	ཀྱང་	PART
ལམ་	གམ་	PART
དུ་	ལ་	PART
འགྲོ་	འགྲོ་	VERB
མི་	མི་	PART
འགྲོ་	འགྲོ་	VERB
ཅི་རིགས་	ཅི་རིགས་	OTHER
མཐོང་བ་	མཐོང་བ་	VERB
ས་	གིས་	PART
དེ་སྐད་	དེ་སྐད་	NO_POS
ཞུས་པ་	ཞུས་པ་	VERB
ཡིན་	ཡིན་	NO_POS
།		PUNCT
ད་	ད་	ADV
ཉིད་	ཉིད་	DET
ནན་ཏར་	ནན་ཏར་	NO_POS
མོ་	མོ་	VERB
ན་	ལ་	PART
།		PUNCT
མི་	མི་	PART
བཤད་	བཤད་	VERB
མཐུ་	མཐུ་	NOUN
མེད་	མེད་	VERB
ཡིན་མོད་	ཡིན་མོད་	NO_POS
།		PUNCT
འོན་ཀྱང་	འོན་ཀྱང་	NO_POS
རང་ཅག་	རང་ཅག་	PRON
གཉིས་ཀ་	གཉིས་ཀ་	OTHER
དཀོན་མཆོག་	དཀོན་མཆོག་	NOUN
དང་	དང་	NO_POS
ཆོས་སྲུང་	ཆོས་སྲུང་	OTHER
རྣམས་	རྣམས་	DET
ལ་	ལ་	PART
བློ་	བློ་	NOUN
ལིང་	ལིང་	ADV
གིས་	གིས་	PART
བཀལ་	བཀལ་	NO_POS
ཏེ་	སྟེ་	PART
བསྟན་འགྲོ་	བསྟན་འགྲོ་	OTHER
ར་	ལ་	PART
ཕན་	ཕན་	NOUN
ཐོགས་	ཐོགས་	VERB
འོང་	འོང་	VERB
མི་	མི་	PART
འོང་	འོང་	VERB
བརྟག་པ་	བརྟག་པ་	VERB
མཛད་པ་	མཛད་པ་	VERB
འཐད་	འཐད་	VERB
ཅེས་	ཅེས་	PART
།		PUNCT
བརྟག་	བརྟག་	VERB
རིལ་	རིལ་	NO_POS
ཕུལ་པ་	ཕུལ་པ་	VERB
ས་	གིས་	PART
ལེགས་པ་	ལེགས་པ་	VERB
ར་	ལ་	PART
བབ་	བབ་	VERB
ཏེ་	སྟེ་	PART
དགྱེས་	དགྱེས་	NO_POS
བཞིན་	བཞིན་	NOUN
དུ་	ལ་	PART
གླ་	གླ་	NOUN
འཁོར་	འཁོར་	NOUN
དུ་	ལ་	PART
ཕྱགས་ཕེབས་	ཕྱགས་ཕེབས་	NO_POS
།		PUNCT
དེ་	དེ་	DET
ར་	ལ་	PART
གཟིམས་	གཟིམས་	NO_POS
ཆུང་	ཆུང་	VERB
གསེར་	གསེར་	NOUN
ཞལ་	ཞལ་	NOUN
མ་	མ་	NOUN
དགུན་ཐོག་	དགུན་ཐོག་	NO_POS
གཅིག་	གཅིག་	NUM
གི་	གི་	PART
བ་	བ་	NOUN
དཔོན་སློབ་	དཔོན་སློབ་	NOUN
གཉིས་ཀ་	གཉིས་ཀ་	OTHER
ས་	གིས་	PART
སྐུ་མཚམས་	སྐུ་མཚམས་	NOUN
དམ་པ་	དམ་པ་	VERB
ར་	ལ་	PART
བཅད་	བཅད་	VERB
དེ་	སྟེ་	PART
།		PUNCT
ཞི་བྱེད་	ཞི་བྱེད་	NOUN
སྔ་ཕྱི་	སྔ་ཕྱི་	ADJ
བ་	བ་	NOUN
གསུམ་	གསུམ་	NUM
གྱི་	གི་	PART
དབང་	དབང་	NOUN
བཀའ་	བཀའ་	NOUN
རྣམས་	རྣམས་	DET
ཡོངས་སུ་	ཡོངས་སུ་	NO_POS
རྫོགས་པ་	རྫོགས་པ་	VERB
དང་	དང་	NO_POS
།		PUNCT
ལམ་	གམ་	PART
ལྔ་	ལྔ་	NUM
སོགས་	སོགས་	DET
ཉམས་ཁྲིད་	ཉམས་ཁྲིད་	OTHER
གཙོ་	གཙོ་	NOUN
ཆེ་བ་	ཆེ་བ་	VERB
རྣམས་	རྣམས་	DET
རིམ་པ་	རིམ་པ་	NOUN
ར་	ལ་	PART
སྨིན་	སྨིན་	VERB
ཁྲིད་	ཁྲིད་	VERB
དུ་	ལ་	PART
གསན་	གསན་	NO_POS
།		PUNCT
དེ་ནས་	དེ་ནས་	NO_POS
གཙང་	གཙང་	PROPN
ལྷ་	ལྷ་	NOUN
གངས་	གངས་	NOUN
ཕུག་	ཕུག་	NOUN
ཏུ་	ལ་	PART
ལོ་	གོ་	PART
ངོ་	གོ་	PART
གཉིས་	གཉིས་	NUM
དང་	དང་	NO_POS
།		PUNCT
ཡང་	ཀྱང་	PART
ཟླ་	ཟླ་	NOUN
ཤ་	ཤ་	DET
ལན་	ལན་	NOUN
གཉིས་	གཉིས་	NUM
བཅའ་	བཅའ་	VERB
ཐུགས་གཡེང་	ཐུགས་གཡེང་	NO_POS
ཐམས་ཅད་	ཐམས་ཅད་	DET
བཅག་	བཅག་	VERB
སྟེ་	སྟེ་	PART
ཆིག་	ཆིག་	NUM
དྲིལ་	དྲིལ་	VERB
དུ་	ལ་	PART
འགྲུབ་པ་	འགྲུབ་པ་	VERB
ར་	ལ་	PART
གསན་པ་	གསན་པ་	VERB
ས་	གིས་	PART
།		PUNCT
མདོར་ན་	མདོར་ན་	NO_POS
རྗེ་	རྗེ་	NO_POS
དམ་པ་	དམ་པ་	VERB
ས་	གིས་	PART
ཁ་ཆེ་	ཁ་ཆེ་	PROPN
ཛྙཱ་ན་	ཛྙཱ་ན་	PROPN
གུ་	གུ་	OTHER
ཧྱ་		NON_WORD
ལ་	ལ་	PART
གསུངས་པ་	གསུངས་པ་	VERB
ཞི་བྱེད་	ཞི་བྱེད་	NOUN
རྒྱུད་པ་	རྒྱུད་པ་	NOUN
དང་པོ་	དང་པོ་	ADJ
འི་	གི་	PART
སྐོར་	སྐོར་	NOUN
དང་	དང་	NO_POS
།		PUNCT
བར་པ་	བར་པ་	NOUN
རྨ་	རྨ་	NOUN
སོ་	གོ་	PART
ཀམ་	ཀམ་	NO_POS
གསུམ་	གསུམ་	NUM
གྱི་	གི་	PART
དབང་ལུང་	དབང་ལུང་	NO_POS
ཁྲིད་	ཁྲིད་	VERB
དང་	དང་	NO_POS
བཅས་པ་	བཅས་པ་	VERB
།		PUNCT
གཞན་	གཞན་	DET
ཡང་	ཀྱང་	PART
ཁ་	ཁ་	PRON
འཐོར་བ་	འཐོར་བ་	VERB
བོན་པོ་	བོན་པོ་	NOUN
ཁྲ་	ཁྲ་	NOUN
ཚང་	ཚང་	VERB
འབྲུག་	འབྲུག་	NOUN
ལྷ་	ལྷ་	NOUN
ལ་	ལ་	PART
གདམས་པ་	གདམས་པ་	VERB
དང་	དང་	NO_POS
།		PUNCT
རྔོག་	རྔོག་	PROPN
ལུགས་	ལུགས་	NOUN
ལ་སོགས་པ་	ལ་སོགས་པ་	NO_POS
རྣམས་	རྣམས་	DET
དང་	དང་	NO_POS
།		PUNCT
གཙོ་བོ་	གཙོ་བོ་	ADJ
ར་	ལ་	PART
བཀའ་	བཀའ་	NOUN
རྒྱུད་པ་	རྒྱུད་པ་	NOUN
ཕྱི་མ་	ཕྱི་མ་	ADJ
འི་	གི་	PART
སྐོར་	སྐོར་	NOUN
ལ་	ལ་	PART
།		PUNCT
མདོ་	མདོ་	NOUN
རྒྱུད་	རྒྱུད་	NOUN
ཕྱག་ལེན་	ཕྱག་ལེན་	NOUN
དང་	དང་	NO_POS
བཅས་པ་	བཅས་པ་	VERB
།		PUNCT
བཀའ་	བཀའ་	NOUN
བབ་	བབ་	VERB
སྙན་	སྙན་	NOUN
རྒྱུད་	རྒྱུད་	NOUN
དང་	དང་	NO_POS
བཅས་པ་	བཅས་པ་	VERB
།		PUNCT
དྲི་མེད་	དྲི་མེད་	ADJ
ཕྲ་	ཕྲ་	NOUN
ཐིགས་	ཐིགས་	NOUN
དང་	དང་	NO_POS
བཅས་པ་	བཅས་པ་	VERB
།		PUNCT
དར་ཚགས་	དར་ཚགས་	NO_POS
བཤད་	བཤད་	VERB
འབུམ་	འབུམ་	NUM
དང་	དང་	NO_POS
བཅས་པ་	བཅས་པ་	VERB
།		PUNCT
ཞར་བྱུང་	ཞར་བྱུང་	OTHER
སྒོ་བ་	སྒོ་བ་	NOUN
འི་	གི་	PART
རྣལ་འབྱོར་པ་	རྣལ་འབྱོར་པ་	NOUN
རྣམས་	རྣམས་	DET
ཀྱི་	གི་	PART
གདམས་	གདམས་	NOUN
ཕྲན་	ཕྲན་	OTHER
རྣམས་	རྣམས་	DET
དང་	དང་	NO_POS
།		PUNCT
ཞི་བྱེད་	ཞི་བྱེད་	NOUN
བླ་མ་	བླ་མ་	NOUN
རྒྱུད་པ་	རྒྱུད་པ་	NOUN
འི་	གི་	PART
རྣམ་ཐར་	རྣམ་ཐར་	NOUN
།		PUNCT
ཞིག་པོ་	ཞིག་པོ་	PROPN
རིན་པོ་ཆེ་	རིན་པོ་ཆེ་	ADJ
འི་	གི་	PART
ཕྱི་	ཕྱི་	NOUN
ནང་སྙིང་པོ་	ནང་སྙིང་པོ་	NO_POS
གསུམ་	གསུམ་	NUM
གྱི་	གི་	PART
ལམ་རིམ་	ལམ་རིམ་	NOUN
དང་	དང་	NO_POS
།		PUNCT
མགུར་འབུམ་	མགུར་འབུམ་	OTHER
།		PUNCT
བསོད་ནམས་	བསོད་ནམས་	NOUN
དཔལ་	དཔལ་	OTHER
གྱི་	གི་	PART
ཐར་ལམ་	ཐར་ལམ་	OTHER
དྲི་མེད་	དྲི་མེད་	ADJ
དགོངས་	དགོངས་	VERB
རྒྱན་	རྒྱན་	NOUN
སོགས་	སོགས་	DET
དམ་ཆོས་	དམ་ཆོས་	NOUN
སྡུག་བསྔལ་	སྡུག་བསྔལ་	NOUN
ཞི་བྱེད་	ཞི་བྱེད་	NOUN
གྱི་	གི་	PART
སྐོར་	སྐོར་	NOUN
ཡོངས་སུ་	ཡོངས་སུ་	NO_POS
རྫོགས་པ་	རྫོགས་པ་	VERB
དང་	དང་	NO_POS
།		PUNCT
གཞན་	གཞན་	DET
ཡང་བོ་	ཡང་བོ་	PART
ལུགས་	ལུགས་	NOUN
དང་	དང་	NO_POS
ས་ལུགས་	ས་ལུགས་	NO_POS
ཀྱི་	གི་	PART
དབང་ལུང་	དབང་ལུང་	NO_POS
མན་ངག་	མན་ངག་	NOUN
མང་པོ་	མང་པོ་	ADJ
གསན་	གསན་	NO_POS
ཞིང་	ཅིང་	PART
བསྙེན་པ་	བསྙེན་པ་	VERB
ར་	ལ་	PART
རྫོགས་པ་	རྫོགས་པ་	VERB
འི་	གི་	PART
མཁན་པོ་	མཁན་པོ་	NOUN
འང་	ཀྱང་	PART
ཞུ་	ཞུ་	VERB
ན་	ནས་	PART
།		PUNCT
རྟེན་འབྲེལ་	རྟེན་འབྲེལ་	NOUN
ཁང་པ་	ཁང་པ་	NOUN
ར་	ལ་	PART
ཞུགས་	ཞུགས་	VERB
ཏེ་	སྟེ་	PART
བློ་སྦྱོང་	བློ་སྦྱོང་	OTHER
གི་	གི་	PART
བསྙེན་པ་	བསྙེན་པ་	VERB
ཟླ་	ཟླ་	NOUN
དྲུག་	དྲུག་	NUM
མ་	མ་	PART
ཞིག་	ཅིག་	PART
མཛད་	མཛད་	VERB
།		PUNCT
དེ་ནས་	དེ་ནས་	NO_POS
མི་	མི་	PART
རིང་བ་	རིང་བ་	VERB
ར་	ལ་	PART
རྡོ་རྗེ་	རྡོ་རྗེ་	NOUN
འཆང་	འཆང་	NO_POS
བཀྲ་ཤིས་	བཀྲ་ཤིས་	NOUN
བཟང་པོ་	བཟང་པོ་	ADJ
སྐུ་གཤེགས་པ་	སྐུ་གཤེགས་པ་	NO_POS
འི་	གི་	PART
སྐུ་	སྐུ་	NOUN
འདད་	འདད་	NO_POS
ཕྱི་	ཕྱི་	NOUN
རྟེན་	རྟེན་	NOUN
སོགས་	སོགས་	DET
རྒྱ་	རྒྱ་	NOUN
ཆེ་	ཆེ་	VERB
ར་	ལ་	PART
བསྒྲུབས་	བསྒྲུབས་	VERB
མཛད་	མཛད་	VERB
རྟིང་	རྟིང་	NO_POS
།		PUNCT
ད་ནི་	ད་ནི་	NO_POS
དགོན་པ་	དགོན་པ་	NOUN
འི་	གི་	PART
ཕྱི་རྒྱ་	ཕྱི་རྒྱ་	NO_POS
འཛིན་	འཛིན་	VERB
བདག་	བདག་	PRON
ཙམ་	ཙམ་	DET
ལ་	ལ་	ADP
ས་	གིས་	PART
སྒྲུབ་པ་	སྒྲུབ་པ་	VERB
ཁོ་ན་	ཁོ་ན་	DET
ལ་	ལ་	PART
ཆིག་	ཆིག་	NUM
དྲིལ་	དྲིལ་	VERB
གནང་	གནང་	NO_POS
བཞེད་པ་	བཞེད་པ་	VERB
ས་	གིས་	PART
།		PUNCT
ཐོག་མ་	ཐོག་མ་	NOUN
ར་	ལ་	PART
ལམ་	གམ་	PART
ལྔ་	ལྔ་	NUM
སྟན་	སྟན་	NOUN
ཐོག་	ཐོག་	NOUN
གཅིག་	གཅིག་	NUM
མ་	མ་	PART
ཞིག་	ཅིག་	PART
དང་	དང་	NO_POS
།		PUNCT
སླར་ཡང་	སླར་ཡང་	OTHER
ཁྱིམ་པ་	ཁྱིམ་པ་	NOUN
ལུགས་	ལུགས་	NOUN
དང་	དང་	NO_POS
།		PUNCT
ཁུག་པ་	ཁུག་པ་	VERB
ལུགས་	ལུགས་	NOUN
ཀྱང་	ཀྱང་	PART
བསྐྱར་	བསྐྱར་	NO_POS
ན་	ནས་	PART
མཛད་	མཛད་	VERB
ཅིང་	ཅིང་	PART
།		PUNCT
གཙོ་བོ་	གཙོ་བོ་	ADJ
ར་	ལ་	PART
ཚོགས་ལམ་	ཚོགས་ལམ་	NOUN
གྱི་	གི་	PART
བསྙེན་པ་	བསྙེན་པ་	VERB
ལ་	ལ་	PART
ནི་	ནི་	NO_POS
ཐུགས་དམ་	ཐུགས་དམ་	NOUN
བསྐུལ་བ་	བསྐུལ་བ་	VERB
དང་	དང་	NO_POS
།		PUNCT
གནད་	གནད་	NOUN
ན་	ནས་	PART
བསྐུལ་བ་	བསྐུལ་བ་	VERB
དང་	དང་	NO_POS
།		PUNCT
ཤིན་ཏུ་	ཤིན་ཏུ་	NO_POS
བསྐུལ་བ་	བསྐུལ་བ་	VERB
རྣམས་	རྣམས་	DET
ཀྱང་	ཀྱང་	PART
ཟླ་མཚམས་	ཟླ་མཚམས་	NO_POS
རེ་ཙམ་	རེ་ཙམ་	NO_POS
དང་	དང་	NO_POS
།		PUNCT
བདུན་	བདུན་	NUM
ཕྲག་	ཕྲག་	NUM
གཉིས་	གཉིས་	NUM
གསུམ་	གསུམ་	NUM
སྦྲེལ་མ་	སྦྲེལ་མ་	NO_POS
སོགས་	སོགས་	DET
ཡང་ཡང་	ཡང་ཡང་	NO_POS
མཛད་པ་	མཛད་པ་	VERB
དང་	དང་	NO_POS
།		PUNCT
ཁྱད་པར་	ཁྱད་པར་	NOUN
རྒྱུན་	རྒྱུན་	NOUN
བཟླས་	བཟླས་	NO_POS
ཆག་	ཆག་	VERB
མེད་	མེད་	VERB
སྲོལ་	སྲོལ་	NOUN
དུ་	ལ་	PART
བཅུག་པ་	བཅུག་པ་	VERB
ས་	གིས་	PART
བློ་སྦྱོང་	བློ་སྦྱོང་	OTHER
གི་	གི་	PART
སྙིང་པོ་	སྙིང་པོ་	NOUN
འབྲུ་	འབྲུ་	NOUN
བརྒྱད་པ་	བརྒྱད་པ་	NUM
ནི་	ནི་	NO_POS
ཁྱོན་	ཁྱོན་	NOUN
བྱེ་བ་	བྱེ་བ་	NOUN
སྔོན་	སྔོན་	ADV
དུ་	ལ་	PART
འགྲོ་བ་	འགྲོ་བ་	VERB
འི་	གི་	PART
ས་ཡ་	ས་ཡ་	NUM
བདུན་	བདུན་	NUM
ལྷག་	ལྷག་	NOUN
ཙམ་	ཙམ་	DET
སོང་	སོང་	VERB
གསུངས་	གསུངས་	VERB
།		PUNCT
གཞན་	གཞན་	DET
ཡང་	ཀྱང་	PART
རྣལ་འབྱོར་	རྣལ་འབྱོར་	NOUN
མ་ཕྱི་	མ་ཕྱི་	NOUN
སྒྲུབ་	སྒྲུབ་	VERB
ལྷ་	ལྷ་	NOUN
དགུ་	དགུ་	NUM
འི་	གི་	PART
བསྙེན་པ་	བསྙེན་པ་	VERB
ར་	ལ་	PART
ལོ་	གོ་	PART
མཚམས་	མཚམས་	NOUN
གཅིག་	གཅིག་	NUM
དང་	དང་	NO_POS
།		PUNCT
ཡང་	ཀྱང་	PART
ཟླ་མཚམས་	ཟླ་མཚམས་	NO_POS
གཅིག་	གཅིག་	NUM
།		PUNCT
སྒྲུབ་པ་	སྒྲུབ་པ་	VERB
བདུན་	བདུན་	NUM
གཅིག་	གཅིག་	NUM
རྣམས་	རྣམས་	DET
མཛད་	མཛད་	VERB
ཅིང་	ཅིང་	PART
།		PUNCT
དེ་	དེ་	DET
ས་	གིས་	PART
མཚོན་	མཚོན་	NOUN
ཞི་བྱེད་	ཞི་བྱེད་	NOUN
ཀྱི་	གི་	PART
བླ་མ་	བླ་མ་	NOUN
ཡི་དམ་	ཡི་དམ་	NOUN
མཁའ་འགྲོ་	མཁའ་འགྲོ་	NOUN
ཆོས་སྲུང་	ཆོས་སྲུང་	OTHER
ཐམས་ཅད་	ཐམས་ཅད་	DET
ལ་	ལ་	PART
བསྙེན་པ་	བསྙེན་པ་	VERB
འི་	གི་	PART
འབྲེལ་པ་	འབྲེལ་པ་	VERB
རེ་	རེ་	DET
དང་	དང་	NO_POS
།		PUNCT
བོ་	པོ་	PART
ལུགས་	ལུགས་	NOUN
ཀྱི་	གི་	PART
ཡི་དམ་	ཡི་དམ་	NOUN
ཆོས་སྲུང་	ཆོས་སྲུང་	OTHER
གི་	གི་	PART
བསྙེན་པ་	བསྙེན་པ་	VERB
ཡང་	ཀྱང་	PART
འགའ་ཞིག་	འགའ་ཞིག་	OTHER
མཛད་	མཛད་	VERB
དེ་	སྟེ་	PART
།		PUNCT
མདོར་ན་	མདོར་ན་	NO_POS
དགུང་ལོ་	དགུང་ལོ་	NOUN
ཉི་ཤུ་	ཉི་ཤུ་	NUM
འི་	གི་	PART
ཐོག་	ཐོག་	NOUN
ཏུ་	ལ་	PART
སྒྲུབ་པ་	སྒྲུབ་པ་	VERB
འི་	གི་	PART
དབུ་	དབུ་	NOUN
བཙུགས་པ་	བཙུགས་པ་	VERB
ན་	ནས་	PART
བཟུངས་		NON_WORD
།		PUNCT
དགུང་ལོ་	དགུང་ལོ་	NOUN
སོ་	གོ་	PART
ལྔ་	ལྔ་	NUM
འི་	གི་	PART
བ་	བ་	NOUN
ལ་	ལ་	PART
།		PUNCT
གཙུག་ལག་ཁང་	གཙུག་ལག་ཁང་	NOUN
དང་	དང་	NO_POS
གོང་མ་	གོང་མ་	ADJ
འི་	གི་	PART
སྐུ་འབུམ་	སྐུ་འབུམ་	OTHER
རྣམས་	རྣམས་	DET
ཀྱི་	གི་	PART
ཞིག་གསོ་	ཞིག་གསོ་	NO_POS
མི་	མི་	PART
བཅོ་	བཅོ་	NUM
ས་	གིས་	PART
སུ་	ལ་	PART
མི་	མི་	PART
རུང་བ་	རུང་བ་	VERB
འི་	གི་	PART
བྱ་བ་	བྱ་བ་	VERB
ལ་	ལ་	ADP
ས་	གིས་	PART
ཀྱི་	གི་	PART
འཁོར་ལོ་	འཁོར་ལོ་	NOUN
འི་	གི་	PART
ཐུགས་གཡེང་	ཐུགས་གཡེང་	NO_POS
ཕྲན་ཚེགས་	ཕྲན་ཚེགས་	ADJ
དང་	དང་	NO_POS
།		PUNCT
ཐུགས་དམ་	ཐུགས་དམ་	NOUN
གྱི་	གི་	PART
ལྷོངས་	ལྷོངས་	NO_POS
རྐྱེན་	རྐྱེན་	NOUN
ལྟ་བུ་	ལྟ་བུ་	NOUN
ས་	གིས་	PART
ཨ་ནེ་	ཨ་ནེ་	NOUN
དང་	དང་	NO_POS
གྲྭ་	གྲྭ་	NOUN
བཙུན་	བཙུན་	VERB
གྱི་	གི་	PART
ཁེང་ལོག་	ཁེང་ལོག་	NO_POS
ལ་	ལ་	PART
བརྟེན་པ་	བརྟེན་པ་	VERB
འི་	གི་	PART
ཐུགས་	ཐུགས་	NOUN
འཚེར་	འཚེར་	VERB
དང་	དང་	NO_POS
།		PUNCT
ཁྱད་པར་	ཁྱད་པར་	NOUN
སྐྱེ་བོ་	སྐྱེ་བོ་	NOUN
ངན་པ་	ངན་པ་	VERB
དེ་དག་	དེ་དག་	OTHER
གིས་	གིས་	PART
གོང་	གོང་	NOUN
དུ་	ལ་	PART
ཞུ་ལོག་	ཞུ་ལོག་	NO_POS
ཚན་	ཚན་	NOUN
ཆེན་	ཆེན་	NO_POS
སྦྱར་བ་	སྦྱར་བ་	VERB
ས་	གིས་	PART
ཧོར་འདྲ་	ཧོར་འདྲ་	NO_POS
བསྩལ་	བསྩལ་	NO_POS
ཏེ་	སྟེ་	PART
དགོན་པ་	དགོན་པ་	NOUN
གཞུང་བཞེས་	གཞུང་བཞེས་	NO_POS
དང་	དང་	NO_POS
།		PUNCT
ཉེས་ཆད་	ཉེས་ཆད་	NO_POS
ཤིན་ཏུ་	ཤིན་ཏུ་	NO_POS
ལྕི་བ་	ལྕི་བ་	VERB
འི་	གི་	PART
སྒྲུབ་	སྒྲུབ་	VERB
ལེན་	ལེན་	VERB
གནང་	གནང་	NO_POS
དགོས་	དགོས་	VERB
སྟབས་	སྟབས་	NOUN
ལྷ་ལྡན་	ལྷ་ལྡན་	OTHER
དང་	དང་	NO_POS
ཤེལ་དཀར་	ཤེལ་དཀར་	NOUN
རྫོང་	རྫོང་	NOUN
སོགས་	སོགས་	DET
སུ་	ལ་	PART
ཡང་ཡང་	ཡང་ཡང་	NO_POS
ཐེགས་	ཐེགས་	NO_POS
དགོས་པ་	དགོས་པ་	VERB
ས་	གིས་	PART
ལོ་	གོ་	PART
གསུམ་	གསུམ་	NUM
གྱི་	གི་	PART
བ་	བ་	NOUN
ཐུགས་གཡེང་	ཐུགས་གཡེང་	NO_POS
གིས་	གིས་	PART
རང་དབང་	རང་དབང་	NOUN
མ་	མ་	PART
འདུས་པ་	འདུས་པ་	VERB
མ་གཏོགས་	མ་གཏོགས་	NO_POS
།		PUNCT
དེ་	སྟེ་	PART
ཕྱིན་	ཕྱིན་	VERB
མི་ལོ་	མི་ལོ་	NOUN
བཅུ་གསུམ་	བཅུ་གསུམ་	NO_POS
གྱི་	གི་	PART
བ་	བ་	NOUN
དུ་	ལ་	PART
སྒྲུབ་པ་	སྒྲུབ་པ་	VERB
ཁོ་ན་	ཁོ་ན་	DET
ལ་	ལ་	PART
བརྩོན་པ་	བརྩོན་པ་	VERB
ར་	ལ་	PART
བཞུགས་	བཞུགས་	VERB
།		PUNCT
དེ་ནས་	དེ་ནས་	NO_POS
གཞུང་ས་	གཞུང་ས་	OTHER
འི་	གི་	PART
དགོངས་	དགོངས་	VERB
ཚོམས་	ཚོམས་	NOUN
དེ་ཡང་	དེ་ཡང་	ADV
རྐྱེན་ངན་	རྐྱེན་ངན་	NOUN
གྲོག་	གྲོག་	NOUN
ཤ་	ཤ་	VERB
དུ་	ལ་	PART
དགོངས་	དགོངས་	VERB
ཏེ་	སྟེ་	PART
།		PUNCT
ད་ནི་	ད་ནི་	NO_POS
དགོན་	དགོན་	OTHER
གོག་	གོག་	VERB
འཛིན་	འཛིན་	VERB
བློ་	བློ་	NOUN
འི་	གི་	PART
རེ་བ་	རེ་བ་	VERB
སྤངས་	སྤངས་	VERB
ན་	ནས་	PART
རི་ཁྲོད་	རི་ཁྲོད་	NOUN
དབེན་པ་	དབེན་པ་	VERB
འབའ་ཞིག་	འབའ་ཞིག་	NO_POS
ཏུ་	ལ་	PART
ཟོ་	ཟོ་	VERB
བདེ་	བདེ་	VERB
ར་	ལ་	PART
སྡོད་	སྡོད་	VERB
ཆོག་པ་	ཆོག་པ་	VERB
འི་	གི་	PART
གོང་	གོང་	NOUN
དུ་	ལ་	PART
སྙན་	སྙན་	NOUN
འབུལ་	འབུལ་	NO_POS
ཞུ་བ་	ཞུ་བ་	VERB
ར་	ལ་	PART
མཛད་	མཛད་	VERB
ན་	ན་	ADP
འང་	ཀྱང་	PART
།		PUNCT
ཉེས་མེད་	ཉེས་མེད་	NOUN
ཀྱི་	གི་	PART
བདེན་	བདེན་	VERB
འབྲས་	འབྲས་	NOUN
སྙན་	སྙན་	NOUN
དུ་	ལ་	PART
དྭངས་	དྭངས་	NO_POS
ཏེ་	སྟེ་	PART
།		PUNCT
སླར་ཡང་	སླར་ཡང་	OTHER
བབས་འབྲེལ་	བབས་འབྲེལ་	NO_POS
འདུག་	འདུག་	VERB
ཚུལ་	ཚུལ་	NOUN
གྱི་	གི་	PART
བསླབ་སྟོན་	བསླབ་སྟོན་	NO_POS
དང་	དང་	NO_POS
བཅའ་	བཅའ་	VERB
དགོན་པ་	དགོན་པ་	NOUN
ཕྱི་	ཕྱི་	OTHER
གནང་	གནང་	NO_POS
བརྩེ་བ་	བརྩེ་བ་	VERB
ས་	གིས་	PART
བསྐྱངས་	བསྐྱངས་	NO_POS
།		PUNCT
དེ་	དེ་	DET
འི་	གི་	PART
ཚེ་	ཚེ་	NOUN
སྐྱེ་བོ་	སྐྱེ་བོ་	NOUN
ངན་པ་	ངན་པ་	VERB
དེ་དག་	དེ་དག་	OTHER
ད་དུང་	ད་དུང་	ADV
ཡིད་	ཡིད་	NOUN
ལ་	ལ་	PART
ཚིམ་པ་	ཚིམ་པ་	VERB
མ་	མ་	PART
ཐོབ་པ་	ཐོབ་པ་	VERB
ར་	ལ་	PART
བཙན་ཐབས་	བཙན་ཐབས་	NOUN
སུ་	ལ་	PART
ལྡང་བ་	ལྡང་བ་	VERB
འི་	གི་	PART
གསོལ་ངན་	གསོལ་ངན་	NO_POS
ཞུ་	ཞུ་	VERB
ཀྱང་	ཀྱང་	PART
ཕྲལ་	ཕྲལ་	NO_POS
དུ་	ལ་	PART
སྨན་	སྨན་	NOUN
སྔགས་	སྔགས་	NOUN
ཀྱི་	གི་	PART
རྟེན་འབྲེལ་	རྟེན་འབྲེལ་	NOUN
གྱིས་	གིས་	PART
གནོད་པ་	གནོད་པ་	VERB
མ་ནུ་	མ་ནུ་	NO_POS
ས་	གིས་	PART
།		PUNCT
ནམ་ཞིག་	ནམ་ཞིག་	NO_POS
རི་ཁྲོད་	རི་ཁྲོད་	NOUN
ཀོང་མོ་	ཀོང་མོ་	NO_POS
དགོན་	དགོན་	OTHER
ཆུང་	ཆུང་	VERB
བྱ་བ་	བྱ་བ་	VERB
ར་	ལ་	PART
རྗེ་	རྗེ་	NO_POS
ཀོ་	ཀོ་	NO_POS
བྲག་པ་	བྲག་པ་	NOUN
འི་	གི་	PART
སྒྲུབ་གནས་	སྒྲུབ་གནས་	NOUN
ཤིན་ཏུ་	ཤིན་ཏུ་	NO_POS
དབེན་པ་	དབེན་པ་	VERB
ཞིག་	ཅིག་	PART
ཏུ་	ལ་	PART
གཅིག་པུ་	གཅིག་པུ་	ADJ
ར་	ལ་	PART
འདག་འབྱར་	འདག་འབྱར་	NO_POS
ལ་	ལ་	PART
བཞུགས་པ་	བཞུགས་པ་	VERB
ན་	ལ་	PART
།		PUNCT
ཨ་ནེ་	ཨ་ནེ་	NOUN
ས་	གིས་	PART
གྲི་	གྲི་	NOUN
བསྐུར་	བསྐུར་	NO_POS
།		PUNCT
དམར་པོ་	དམར་པོ་	ADJ
ཕུན་ཚོགས་	ཕུན་ཚོགས་	ADJ
ཚེ་བརྟན་	ཚེ་བརྟན་	PROPN
བྱ་བ་	བྱ་བ་	VERB
ས་	གིས་	PART
ལག་དམར་	ལག་དམར་	NO_POS
བ་	བ་	NOUN
ཁ་	ཁ་	PRON
ས་	གིས་	PART
བླངས་	བླངས་	VERB
ཏེ་	སྟེ་	PART
།		PUNCT
ཁོ་རང་	ཁོ་རང་	NO_POS
གི་	གི་	PART
འཁྲུལ་	འཁྲུལ་	NO_POS
ངོ་	ངོ་	PART
ར་	ལ་	PART
གཟིམས་	གཟིམས་	NO_POS
སྤྱིལ་	སྤྱིལ་	NO_POS
དུ་	ལ་	PART
འཚངས་	འཚངས་	NO_POS
ན་	ནས་	PART
བཀྲོང་		NON_WORD
ཐུབ་པ་	ཐུབ་པ་	VERB
འི་	གི་	PART
སྣང་བ་	སྣང་བ་	VERB
བྱུང་བ་	བྱུང་བ་	VERB
ས་	གིས་	PART
།		PUNCT
རྒྱལ་ཁྲིམས་	རྒྱལ་ཁྲིམས་	OTHER
ཀྱི་	གི་	PART
འཇིགས་པ་	འཇིགས་པ་	VERB
དང་	དང་	NO_POS
།		PUNCT
མཆེད་ཟླ་	མཆེད་ཟླ་	NOUN
འི་	གི་	PART
རྒྱབ་ལངས་	རྒྱབ་ལངས་	NO_POS
བྱུང་	བྱུང་	VERB
གིས་	གིས་	PART
དྭོགས་		NON_WORD
ན་	ནས་	PART
།		PUNCT
མི་	མི་	PART
ངན་	ངན་	VERB
དེ་དག་	དེ་དག་	OTHER
ས་ཕྱོགས་	ས་ཕྱོགས་	NOUN
གཞན་	གཞན་	DET
དུ་	ལ་	PART
བྱོལ་བ་	བྱོལ་བ་	NO_POS
ར་	ལ་	PART
བྱེད་	བྱེད་	VERB
མོད་	མོད་	VERB
།		PUNCT
རྗེ་	རྗེ་	NO_POS
ཉིད་	ཉིད་	DET
ཀྱི་	གི་	PART
གཟིམས་	གཟིམས་	NO_POS
སྤྱིལ་	སྤྱིལ་	NO_POS
དུ་	ལ་	PART
ནི་	ནི་	NO_POS
སུ་	ལ་	PART
ཡང་	ཀྱང་	PART
མ་	མ་	PART
བྱུང་	བྱུང་	VERB
སྟེ་	སྟེ་	PART
།		PUNCT
ཕལ་ཆེ་		
ཁོ་རང་	ཁོ་རང་	NO_POS
སྨྱོ་བ་	སྨྱོ་བ་	VERB
ལྟ་བུ་	ལྟ་བུ་	NOUN
འམ་	གམ་	PART
།		PUNCT
ཡང་ན་	ཡང་ན་	NO_POS
ང་རང་	ང་རང་	OTHER
གི་	གི་	PART
ལྷ་		
བསྐྱབས་པ་	བསྐྱབས་པ་	OTHER
ལྟ་བུ་	ལྟ་བུ་	NOUN
ཞིག་	ཅིག་	PART
ཡིན་པ་	ཡིན་པ་	AUX
འདྲ་	འདྲ་	VERB
གསུངས་	གསུངས་	VERB
།		PUNCT
དེ་དག་	དེ་དག་	OTHER
གི་	གི་	PART
ཚེ་	ཚེ་	NOUN
འང་	ཀྱང་	PART
གནོད་	གནོད་	VERB
བྱེད་	བྱེད་	VERB
ལ་	ལ་	PART
ཇི་	ཇི་	NO_POS
མི་	མི་	PART
སྙམ་པ་	སྙམ་པ་	VERB
འི་	གི་	PART
བཟོད་པ་	བཟོད་པ་	VERB
ཆེན་པོ་	ཆེན་པོ་	ADJ
དྭང་		NON_WORD
དུ་	ལ་	PART
བཞེས་	བཞེས་	VERB
ཏེ་	སྟེ་	PART
།		PUNCT
དེ་	དེ་	DET
འི་	གི་	PART
ཚུལ་	ཚུལ་	NOUN
ནི་	ནི་	NO_POS
རྗེ་བཙུན་	རྗེ་བཙུན་	NOUN
དམ་པ་	དམ་པ་	VERB
ས་	གིས་	PART
།		PUNCT
ལ་	ལ་	ADP
ས་	གིས་	PART
ཀྱི་	གི་	PART
རྣམ་སྨིན་	རྣམ་སྨིན་	NOUN
རྒྱུ་འབྲས་	རྒྱུ་འབྲས་	NOUN
བདེན་པ་	བདེན་པ་	VERB
ར་	ལ་	PART
ངེས་	ངེས་	VERB
། །		PUNCT
མི་དགེ་	མི་དགེ་	NOUN
སྡིག་	སྡིག་	NOUN
ལ་	ལ་	PART
འཛེམས་	འཛེམས་	NO_POS
ཤིག་	ཅིག་	PART
དིང་རི་བ་	དིང་རི་བ་	PROPN
། །		PUNCT
ཞེ་	ཅེས་	PART
དང་	དང་	NO_POS
།		PUNCT
ཁ་	ཁ་	PRON
རག་པ་	རག་པ་	NO_POS
ས་	གིས་	PART
།		PUNCT
ཁྱོད་	ཁྱོད་	PRON
ཀྱི་	གི་	PART
ད་ལྟ་	ད་ལྟ་	OTHER
འི་	གི་	PART
སྡུག་བསྔལ་	སྡུག་བསྔལ་	NOUN
ཀུན་	ཀུན་	DET
། །		PUNCT
སྔོན་ཆད་	སྔོན་ཆད་	ADV
ལས་ངན་	ལས་ངན་	NOUN
སྤྱད་པ་	སྤྱད་པ་	VERB
ས་	གིས་	PART
ལན་	ལན་	NOUN
། །		PUNCT
རང་	རང་	PRON
གིས་	གིས་	PART
ཉེ་	ཉེ་	VERB
ས་	གིས་	PART
ཀྱི་	གི་	PART
སྡུག་སྲན་	སྡུག་སྲན་	NO_POS
བསྐྱེད་	བསྐྱེད་	VERB
། །		PUNCT
གཞན་	གཞན་	DET
ལ་	ལ་	PART
ཡུས་	ཡུས་	NOUN
སུ་	ལ་	PART
མ་	མ་	PART
ཆེ་	ཆེ་	VERB
ཨང་	ཨང་	NO_POS
། །		PUNCT
ད་ལྟ་	ད་ལྟ་	OTHER
འི་	གི་	PART
བདེ་	བདེ་	VERB
དང་	དང་	NO_POS
སྡུག་བསྔལ་	སྡུག་བསྔལ་	NOUN
ཀུན་	ཀུན་	DET
། །		PUNCT
སྔ་མ་	སྔ་མ་	ADJ
འི་	གི་	PART
ལ་	ལ་	ADP
ས་	གིས་	PART
ལ་	ལ་	PART
རག་	རག་	VERB
ལུས་	ལུས་	NOUN
ཀྱིས་	གིས་	PART
།		PUNCT
ཁྱོད་	ཁྱོད་	PRON
ལ་	ལ་	PART
འདམ་	འདམ་	NO_POS
ཁ་	ཁ་	PRON
མི་	མི་	PART
བདོག་པ་	བདོག་པ་	VERB
ས་	གིས་	PART
། །		PUNCT
གང་	གང་	NO_POS
བྱུང་	བྱུང་	VERB
གྲོག་	གྲོག་	NOUN
སུ་	ལ་	PART
ཁྱེ་	ཁྱེ་	VERB
ཅིག་	ཅིག་	PART
ཨང་	ཨང་	NO_POS
། །		PUNCT
ཞེ་	ཅེས་	PART
གསུངས་པ་	གསུངས་པ་	VERB
ལྟ་	ལྟ་	OTHER
།		PUNCT
རང་	རང་	PRON
གི་	གི་	PART
སྔོན་ལས་	སྔོན་ལས་	NOUN
སུ་	ལ་	PART
བསྒོམས་	བསྒོམས་	VERB
ཤིང་	ཅིང་	PART
གྲོག་	གྲོག་	NOUN
སུ་	ལ་	PART
ཁྱེ་	ཁྱེ་	VERB
གང་	གང་	NO_POS
ཐུབ་	ཐུབ་	VERB
ཀྱི་	གི་	PART
གནོད་ལན་	གནོད་ལན་	NO_POS
མ་	མ་	PART
གཞལ་བ་	གཞལ་བ་	VERB
ས་	གིས་	PART
རང་ཕྱོགས་པ་	རང་ཕྱོགས་པ་	NO_POS
རྣམས་	རྣམས་	DET
ཀྱིས་	གིས་	PART
ཀྱང་	ཀྱང་	PART
།		PUNCT
འཁོས་	འཁོས་	NO_POS
ཁྱེ་	ཁྱེ་	VERB
ཆུང་	ཆུང་	VERB
ཞེ་	ཅེས་	PART
བརྗོད་	བརྗོད་	VERB
གླེང་	གླེང་	NO_POS
མང་	མང་	VERB
དུ་	ལ་	PART
སྒྲོག་པ་	སྒྲོག་པ་	VERB
འདི་	འདི་	DET
བྱུང་བ་	བྱུང་བ་	VERB
ཡིན་	ཡིན་	NO_POS
གསུངས་	གསུངས་	VERB
༑		PUNCT
དེ་ནས་	དེ་ནས་	NO_POS
གཅུང་པོ་	གཅུང་པོ་	NOUN
རབ་འབྱམས་པ་	རབ་འབྱམས་པ་	ADJ
ལེགས་པ་	ལེགས་པ་	VERB
རྒྱ་མཚོ་	རྒྱ་མཚོ་	NOUN
ལ་	ལ་	PART
གདན་ས་	གདན་ས་	NOUN
འི་	གི་	PART
ཁུ་	ཁུ་	NOUN
ཕོག་	ཕོག་	VERB
སྟེ་	སྟེ་	PART
སྒྲུབ་པ་	སྒྲུབ་པ་	VERB
ཁོ་ན་	ཁོ་ན་	DET
ལ་	ལ་	PART
ཐུགས་	ཐུགས་	NOUN
ཕྱོགས་པ་	ཕྱོགས་པ་	VERB
ས་	གིས་	PART
རི་ཁྲོད་	རི་ཁྲོད་	NOUN
དུ་	ལ་	PART
གཤེགས་པ་	གཤེགས་པ་	VERB
ར་	ལ་	PART
བཞེད་པ་	བཞེད་པ་	VERB
ན་	ལ་	PART
།		PUNCT
སྙེ་མོ་	སྙེ་མོ་	NO_POS
ཆོས་སྡེ་	ཆོས་སྡེ་	NOUN
ན་	ནས་	PART
བླ་མ་	བླ་མ་	NOUN
ར་	ལ་	PART
སྤྱན་	སྤྱན་	NOUN
འདྲེན་	འདྲེན་	NO_POS
ཡང་ཡང་	ཡང་ཡང་	NO_POS
གཏུད་		NON_WORD
མ་	མ་	NOUN
བྱུང་བ་	བྱུང་བ་	VERB
ཞལ་བཞེས་	ཞལ་བཞེས་	NOUN
མ་	མ་	PART
མཛད་	མཛད་	VERB
ན་	ན་	ADP
འང་	ཀྱང་	PART
།		PUNCT
གོང་	གོང་	NOUN
གི་	གི་	PART
བཀའ་ཤོག་	བཀའ་ཤོག་	NOUN
ཕབས་པ་	ཕབས་པ་	NOUN
ས་	གིས་	PART
མི་	མི་	PART
ཕེབས་	ཕེབས་	NO_POS
ཀ་མེད་	ཀ་མེད་	NO_POS
བྱུང་	བྱུང་	VERB
།		PUNCT
གྲྭ་	གྲྭ་	NOUN
ས་	ས་	ADP
དེ་	དེ་	DET
ར་	ལ་	PART
ཡང་	ཀྱང་	PART
འཆད་ཉན་	འཆད་ཉན་	NOUN
ཆག་	ཆག་	VERB
ན་	ནས་	PART
ལོ་	གོ་	PART
བཅོ་བརྒྱད་	བཅོ་བརྒྱད་	NO_POS
ཙམ་	ཙམ་	DET
སོང་བ་	སོང་བ་	VERB
དང་	དང་	NO_POS
།		PUNCT
གྲྭ་	གྲྭ་	NOUN
ཚོགས་ཆུང་བ་	ཚོགས་ཆུང་བ་	NOUN
བཅའ་	བཅའ་	VERB
རེ་ཞིག་	རེ་ཞིག་	NO_POS
གི་	གི་	PART
བ་	བ་	NOUN
ཐུགས་	ཐུགས་	NOUN
འགན་	འགན་	NO_POS
ཆེ་	ཆེ་	VERB
ཙམ་	ཙམ་	DET
བྱུང་	བྱུང་	VERB
རུང་	རུང་	SCONJ
།		PUNCT
ཆོས་གྲྭ་	ཆོས་གྲྭ་	NOUN
ཕྲལ་	ཕྲལ་	NO_POS
དུ་	ལ་	PART
བཙུགས་	བཙུགས་	NO_POS
ཏེ་	སྟེ་	PART
འཆད་ཉན་	འཆད་ཉན་	NOUN
ཉིན་	ཉིན་	NOUN
ཐུད་	ཐུད་	NOUN
སྨ་	སྨ་	ADJ
ར་	ལ་	PART
བ་	བ་	NOUN
མཛད་	མཛད་	VERB
ཅིང་	ཅིང་	PART
།		PUNCT
ཆོས་ཁྲིམས་	ཆོས་ཁྲིམས་	NOUN
ཀྱི་	གི་	PART
བཅའ་བ་	བཅའ་བ་	VERB
།		PUNCT
བསླབ་	བསླབ་	VERB
གཉེར་བ་	གཉེར་བ་	VERB
སྙོམས་ཆུང་	སྙོམས་ཆུང་	NO_POS
རྣམས་	རྣམས་	DET
ལ་ཆ་	ལ་ཆ་	PROPN
ས་	གིས་	PART
གོ་	གོ་	NOUN
ཀྱི་	གི་	PART
མཐུན་	མཐུན་	VERB
རྐྱེན་	རྐྱེན་	NOUN
།		PUNCT
སྦྱིན་བདག་	སྦྱིན་བདག་	NOUN
རྣམས་	རྣམས་	DET
ལ་	ལ་	PART
ཡུལ་དུས་	ཡུལ་དུས་	OTHER
དང་	དང་	NO_POS
འཚམས་པ་	འཚམས་པ་	VERB
འི་	གི་	PART
འཛིན་སྐྱོང་	འཛིན་སྐྱོང་	OTHER
སོགས་	སོགས་	DET
ཀྱིས་	གིས་	PART
ལེགས་པ་	ལེགས་པ་	VERB
ར་	ལ་	PART
བསྐྱངས་པ་	བསྐྱངས་པ་	VERB
ས་	གིས་	PART
ལུགས་	ལུགས་	NOUN
གཉིས་ཀ་	གཉིས་ཀ་	OTHER
གོང་འཕེལ་	གོང་འཕེལ་	OTHER
གྱིས་	གིས་	PART
ཆོས་སྡེ་	ཆོས་སྡེ་	NOUN
མི་	མི་	PART
རིང་བ་	རིང་བ་	VERB
ར་	ལ་	PART
སྔར་ལྟར་	སྔར་ལྟར་	NO_POS
སོར་ཆུད་	སོར་ཆུད་	NO_POS
ཅིང་	ཅིང་	PART
།		PUNCT
ཕྱག་	ཕྱག་	NOUN
ཏུ་	ལ་	PART
བྱུང་བ་	བྱུང་བ་	VERB
འི་	གི་	PART
དངོས་པོ་	དངོས་པོ་	NOUN
རྣམས་	རྣམས་	DET
ཀྱང་	ཀྱང་	PART
མཛོད་	མཛོད་	NOUN
ཕུགས་	ཕུགས་	VERB
མ་	མ་	PART
འི་	གི་	PART
སྒོ་ལྕགས་	སྒོ་ལྕགས་	OTHER
མ་	མ་	PART
བསྡམས་པ་	བསྡམས་པ་	NO_POS
ར་	ལ་	PART
།		PUNCT
གཙོ་བོ་	གཙོ་བོ་	ADJ
ར་	ལ་	PART
གོང་མ་	གོང་མ་	ADJ
རྒྱལ་བ་	རྒྱལ་བ་	NOUN
འི་	གི་	PART
དབང་པོ་	དབང་པོ་	NOUN
ཐམས་ཅད་	ཐམས་ཅད་	DET
མཁྱེན་པ་	མཁྱེན་པ་	VERB
འི་	གི་	PART
སྐུ་ཞབས་	སྐུ་ཞབས་	OTHER
སུ་	ལ་	PART
གོ་	གོ་	NOUN
བེར་	བེར་	NOUN
དང་	དང་	NO_POS
རྟ་	རྟ་	NOUN
ས་	གིས་	PART
གཙོ་	གཙོ་	NOUN
ས་པ་	ས་པ་	PART
འི་	གི་	PART
འབུལ་བ་	འབུལ་བ་	VERB
དཔངས་	དཔངས་	NO_POS
གཏོད་པ་	གཏོད་པ་	VERB
དང་	དང་	NO_POS
།		PUNCT
གཞན་	གཞན་	DET
ཡང་	ཀྱང་	PART
གྲྭ་	གྲྭ་	NOUN
ས་	ས་	ADP
དེ་ཉིད་	དེ་ཉིད་	NOUN
དང་	དང་	NO_POS
འབྲེལ་	འབྲེལ་	VERB
གྱི་	གི་	PART
དབང་	དབང་	NOUN
ལ་	ལ་	ADP
ས་	གིས་	PART
།		PUNCT
བསམ་	བསམ་	NOUN
སྡིངས་	སྡིངས་	OTHER
རྗེ་བཙུན་	རྗེ་བཙུན་	NOUN
མ་	མ་	PART
སྙེ་མོ་	སྙེ་མོ་	NO_POS
ར་	ལ་	PART
སྤྱན་	སྤྱན་	NOUN
དྲངས་	དྲངས་	NO_POS
ཏེ་	སྟེ་	PART
།		PUNCT
ན་བཟའ་	ན་བཟའ་	NOUN
ཆ་	ཆ་	NOUN
འགྲིག་	འགྲིག་	VERB
།		PUNCT
རྟ་	རྟ་	NOUN
ལྔ་	ལྔ་	NUM
ལ་སོགས་པ་	ལ་སོགས་པ་	NO_POS
ས་	གིས་	PART
གཙོ་	གཙོ་	NOUN
ས་པ་	ས་པ་	PART
འི་	གི་	PART
འབུལ་	འབུལ་	NO_POS
ཚན་	ཚན་	NOUN
བརྒྱ་	བརྒྱ་	NUM
དང་	དང་	NO_POS
སུམ་ཅུ་	སུམ་ཅུ་	OTHER
།		PUNCT
སྒར་་	སྒར་པ་	
རྣམས་	རྣམས་	DET
ལ་	ལ་	PART
ཟླ་ཕོགས་	ཟླ་ཕོགས་	NO_POS
གཉིས་	གཉིས་	NUM
དང་	དང་	NO_POS
།		PUNCT
འགྱེད་	འགྱེད་	VERB
ཐེངས་	ཐེངས་	NOUN
གཉིས་	གཉིས་	NUM
།		PUNCT
གནག་ཕྱུགས་	གནག་ཕྱུགས་	NO_POS
བདུན་	བདུན་	NUM
གྱིས་	གིས་	PART
མགོ་	མགོ་	NOUN
དྲངས་པ་	དྲངས་པ་	VERB
འི་	གི་	PART
སྤྱི་	སྤྱི་	DET
འབུལ་	འབུལ་	NO_POS
།		PUNCT
ཆོས་སྡེ་	ཆོས་སྡེ་	NOUN
རང་	རང་	PRON
དུའང་		NON_WORD
མང་	མང་	VERB
འགྱེད་	འགྱེད་	VERB
སྔ་ཕྱི་	སྔ་ཕྱི་	ADJ
ར་	ལ་	PART
ལན་	ལན་	NOUN
མང་	མང་	VERB
དུ་	ལ་	PART
བསྩལ་	བསྩལ་	NO_POS
ཅིང་	ཅིང་	PART
།		PUNCT
སྤྱི་རྫས་	སྤྱི་རྫས་	NO_POS
སུ་	ལ་	PART
རིགས་	རིགས་	NOUN
ལྔ་	ལྔ་	NUM
ཅོད་པན་	ཅོད་པན་	NOUN
མུ་ཏིག་	མུ་ཏིག་	NOUN
གི་	གི་	PART
ཕྲེང་བ་	ཕྲེང་བ་	NOUN
བཅའ་	བཅའ་	VERB
ཆ་	ཆ་	NOUN
འགྲིག་	འགྲིག་	VERB
སུམ་ཅུ་	སུམ་ཅུ་	OTHER
ཐམ་པ་	ཐམ་པ་	OTHER
།		PUNCT
གོ་	གོ་	NOUN
བཟང་པོ་	བཟང་པོ་	ADJ
འི་	གི་	PART
ཕན་	ཕན་	NOUN
རིང་	རིང་	NOUN
བཞི་	བཞི་	NUM
།		PUNCT
ན་	ནས་	PART
ཁལ་	ཁལ་	NOUN
ལྔ་	ལྔ་	NUM
བརྒྱ་	བརྒྱ་	NUM
འབུན་	འབུན་	NO_POS
ལ་	ལ་	PART
སྤྲད་	སྤྲད་	NO_POS
དེ་	སྟེ་	PART
ཇི་སྲིད་	ཇི་སྲིད་	PRON
བ་	བ་	NOUN
གྲྭ་	གྲྭ་	NOUN
མང་	མང་	VERB
ལ་ལོ་	ལ་ལོ་	NO_POS
རེ་	རེ་	DET
ར་	ལ་	PART
ཁལ་	ཁལ་	NOUN
རེ་	རེ་	DET
འི་	གི་	PART
རྩི་	རྩི་	NOUN
ཀྱི་	གི་	PART
ཕོགས་	ཕོགས་	NOUN
ཚུལ་	ཚུལ་	NOUN
སོགས་	སོགས་	DET
འཛུགས་པ་	འཛུགས་པ་	VERB
ར་	ལ་	PART
མཛད་	མཛད་	VERB
དེ་	སྟེ་	PART
།		PUNCT
གྲྭ་	གྲྭ་	NOUN
ས་	ས་	ADP
དེ་ཉིད་	དེ་ཉིད་	NOUN
ལོ་	གོ་	PART
བཅུ་གཉིས་	བཅུ་གཉིས་	NO_POS
ཀྱི་	གི་	PART
བ་	བ་	NOUN
དུ་	ལ་	PART
བསྐྱངས་	བསྐྱངས་	NO_POS
ན་	ནས་	PART
།		PUNCT
མཁན་པོ་	མཁན་པོ་	NOUN
འཇོག་	འཇོག་	VERB
དུས་	དུས་	NOUN
།		PUNCT
སྤྲོ་སྟོན་	སྤྲོ་སྟོན་	NO_POS
དགེ་འདུན་	དགེ་འདུན་	NOUN
ཐམས་ཅད་	ཐམས་ཅད་	DET
ལ་	ལ་	PART
ཞག་	ཞག་	NOUN
གསུམ་	གསུམ་	NUM
གྱི་	གི་	PART
བ་	བ་	NOUN
གདན་	གདན་	NOUN
གུང་	གུང་	ADV
གི་	གི་	PART
བསྙེན་བཀུར་	བསྙེན་བཀུར་	NOUN
།		PUNCT
གཟན་	གཟན་	NOUN
གོ་	གོ་	NOUN
རེ་	རེ་	DET
འི་	གི་	PART
ཕྱག་	ཕྱག་	NOUN
འགྱེད་	འགྱེད་	VERB
།		PUNCT
ཁྲི་	ཁྲི་	NUM
གསར་པ་	གསར་པ་	VERB
ལ་	ལ་	PART
རྟ་	རྟ་	NOUN
ས་	གིས་	PART
གཙོ་	གཙོ་	NOUN
ས་པ་	ས་པ་	PART
འི་	གི་	PART
བཅོ་བརྒྱད་	བཅོ་བརྒྱད་	NO_POS
ཚན་	ཚན་	NOUN
སོགས་	སོགས་	DET
གྱ་ནོམ་པ་	གྱ་ནོམ་པ་	ADJ
ས་	གིས་	PART
ཐམས་ཅད་	ཐམས་ཅད་	DET
མཉེས་	མཉེས་	VERB
ཐུབ་པ་	ཐུབ་པ་	VERB
མཛད་	མཛད་	VERB
རྗེས་	རྗེས་	NOUN
།		PUNCT
འཁོར་	འཁོར་	NOUN
ཉུང་ཤས་	ཉུང་ཤས་	DET
དང་	དང་	NO_POS
བཅའ་	བཅའ་	VERB
ཏེ་	སྟེ་	PART
བྱ་བྲལ་	བྱ་བྲལ་	PROPN
གྱི་	གི་	PART
ཚུལ་	ཚུལ་	NOUN
མཛད་	མཛད་	VERB
ན་	ནས་	PART
ལྷ་ས་	ལྷ་ས་	PROPN
བསམ་ཡས་	བསམ་ཡས་	PROPN
སོགས་	སོགས་	DET
གནས་ཆེན་	གནས་ཆེན་	NOUN
རྣམས་	རྣམས་	DET
དང་	དང་	NO_POS
༑		PUNCT
རོག་པ་	རོག་པ་	PROPN
གོང་མ་	གོང་མ་	ADJ
འི་	གི་	PART
གདན་ས་	གདན་ས་	NOUN
གྲྭ་	གྲྭ་	NOUN
རི་ཁྲོད་	རི་ཁྲོད་	NOUN
བང་རིམ་	བང་རིམ་	NOUN
།		PUNCT
རྩེ་	རྩེ་	NOUN
སྒང་	སྒང་	NOUN
སོགས་	སོགས་	DET
མཇལ་	མཇལ་	NO_POS
ཅིང་	ཅིང་	PART
།		PUNCT
ཁྱད་པར་	ཁྱད་པར་	NOUN
རི་ཁྲོད་	རི་ཁྲོད་	NOUN
ཀྱི་	གི་	PART
གནས་	གནས་	NOUN
ཀྱི་	གི་	PART
ཤུལ་	ཤུལ་	NOUN
དུ་ཞག་	དུ་ཞག་	NO_POS
གསུམ་	གསུམ་	NUM
གནས་	གནས་	NOUN
འབྲེལ་	འབྲེལ་	VERB
མཛད་	མཛད་	VERB
དེ་	སྟེ་	PART
༑		PUNCT
རང་རིག་	རང་རིག་	NO_POS
གི་	གི་	PART
ངོ་བོ་	ངོ་བོ་	NOUN
བླ་མ་	བླ་མ་	NOUN
ར་	ལ་	PART
ཤེས་པ་	ཤེས་པ་	VERB
འི་	གི་	PART
མོས་གུས་	མོས་གུས་	NOUN
ཀྱི་	གི་	PART
གསོལ་འདེབས་	གསོལ་འདེབས་	NOUN
གནང་	གནང་	NO_POS
བ་	བ་	ADP
།		PUNCT
ཚེ་	ཚེ་	NOUN
མཇུག་	མཇུག་	NOUN
ཞིག་པོ་	ཞིག་པོ་	PROPN
འི་	གི་	PART
བསྟན་པ་	བསྟན་པ་	VERB
ལ་	ལ་	PART
ཕན་པ་	ཕན་པ་	VERB
ར་	ལ་	PART
འགྱུར་བ་	འགྱུར་བ་	VERB
འི་	གི་	PART
མཚན་མ་	མཚན་མ་	NOUN
བཟང་པོ་	བཟང་པོ་	ADJ
འང་	ཀྱང་	PART
བྱུང་	བྱུང་	VERB
༑		PUNCT
ཕྱི་	ཕྱི་	OTHER
ལམ་	གམ་	PART
སྙེ་	སྙེ་	NO_POS
མདོ་	མདོ་	NOUN
འི་	གི་	PART
གཙུག་ལག་ཁང་	གཙུག་ལག་ཁང་	NOUN
དང་	དང་	NO_POS
།		PUNCT
བླ་མ་	བླ་མ་	NOUN
འང་	ཀྱང་	PART
མཇལ་བ་	མཇལ་བ་	VERB
ར་	ལ་	PART
མཛད་	མཛད་	VERB
ན་	ནས་	PART
ལུང་པ་	ལུང་པ་	NOUN
འི་	གི་	PART
མདོ་	མདོ་	NOUN
ར་	ལ་	PART
ཕེབས་	ཕེབས་	NO_POS
དུས་	དུས་	NOUN
སྐྱེ་བོ་	སྐྱེ་བོ་	NOUN
ཅོ་བྲེགས་	ཅོ་བྲེགས་	NO_POS
མགོ་	མགོ་	NOUN
བྱས་པ་	བྱས་པ་	VERB
ཞིག་	ཅིག་	PART
གིས་	གིས་	PART
གནས་	གནས་	NOUN
ཀྱི་	གི་	PART
ལོ་རྒྱུས་	ལོ་རྒྱུས་	NOUN
རྒྱས་པ་	རྒྱས་པ་	VERB
ར་	ལ་	PART
ཞུ་	ཞུ་	VERB
།		PUNCT
དེ་	དེ་	DET
ར་	ལ་	PART
བཀའ་	བཀའ་	NOUN
ལ་	ལ་	ADP
ས་	གིས་	PART
།		PUNCT
ད་རེས་	ད་རེས་	ADV
སྐལ་བ་	སྐལ་བ་	NOUN
བཟང་	བཟང་	VERB
།		PUNCT
གནས་	གནས་	NOUN
བྱིན་ཅན་	བྱིན་ཅན་	OTHER
འདི་དག་	འདི་དག་	NO_POS
ཀྱང་	ཀྱང་	PART
འཁོར་	འཁོར་	NOUN
།		PUNCT
རོག་པ་	རོག་པ་	PROPN
འི་	གི་	PART
གདུང་རྒྱུད་	གདུང་རྒྱུད་	OTHER
ཀྱང་	ཀྱང་	PART
མཇལ་	མཇལ་	NO_POS
བྱུང་	བྱུང་	VERB
གསུངས་པ་	གསུངས་པ་	VERB
ས་	གིས་	PART
།		PUNCT
ཁོ་ན་	ཁོ་ན་	DET
རེ་	རེ་	DET
།		PUNCT
འདི་འདྲ་	འདི་འདྲ་	NO_POS
རོག་པ་	རོག་པ་	PROPN
འི་	གི་	PART
གདུང་རྒྱུད་	གདུང་རྒྱུད་	OTHER
མིན་	མིན་	AUX
།		PUNCT
སོ་པ་	སོ་པ་	NO_POS
ཡིན་	ཡིན་	NO_POS
ཟེ་	ཟེ་	VERB
།		PUNCT
འོ་ན་	འོ་ན་	NO_POS
རོག་པ་	རོག་པ་	PROPN
འི་	གི་	PART
གདུང་རྒྱུད་	གདུང་རྒྱུད་	OTHER
འདྲ་	འདྲ་	VERB
ཡོད་	ཡོད་	VERB
གད་	གདའ་	VERB
འམ་	གམ་	PART
གསུངས་པ་	གསུངས་པ་	VERB
ས་	གིས་	PART
།		PUNCT
གདུང་རྒྱུད་	གདུང་རྒྱུད་	OTHER
རྣམ་དག་	རྣམ་དག་	ADJ
ནི་	ནི་	NO_POS
མེད་	མེད་	VERB
།		PUNCT
རུས་	རུས་	NOUN
གྱེས་པ་	གྱེས་པ་	VERB
འི་	གི་	PART
གདུང་	གདུང་	NOUN
འདྲ་	འདྲ་	VERB
ཡོད་	ཡོད་	VERB
དེ་	སྟེ་	PART
།		PUNCT
ད་	ད་	ADV
ནོར་	ནོར་	NOUN
ཉན་པ་	ཉན་པ་	VERB
མེད་	མེད་	VERB
ཟེ་	ཟེ་	VERB
རོ་	རོ་	NOUN
། །		PUNCT
དེ་	དེ་	DET
འི་	གི་	PART
ཚེ་སྟོད་	ཚེ་སྟོད་	NOUN
དུ་	ལ་	PART
གཅུང་	གཅུང་	NOUN
རབ་འབྱམས་པ་	རབ་འབྱམས་པ་	ADJ
ལེགས་པ་	ལེགས་པ་	VERB
རྒྱ་མཚོ་	རྒྱ་མཚོ་	NOUN
ཞལ་	ཞལ་	NOUN
མ་	མ་	PART
འཚོ་བ་	འཚོ་བ་	VERB
ར་	ལ་	PART
བརྟེན་	བརྟེན་	VERB
གླ་	གླ་	NOUN
འཁོར་	འཁོར་	NOUN
དུ་	ལ་	PART
ཐེགས་	ཐེགས་	NO_POS
ཏེ་	སྟེ་	PART
།		PUNCT
གཤེགས་རྫོངས་	གཤེགས་རྫོངས་	NOUN
དང་	དང་	NO_POS
ཕྱི་	ཕྱི་	NOUN
རྟེན་	རྟེན་	NOUN
དངུལ་གདུང་	དངུལ་གདུང་	NO_POS
ཐོག་	ཐོག་	NOUN
ཚད་མ་	ཚད་མ་	NOUN
ཞིག་	ཅིག་	PART
བཞེང་བ་	བཞེང་བ་	NO_POS
ར་	ལ་	PART
མཛད་	མཛད་	VERB
ཅིང་	ཅིང་	PART
།		PUNCT
སྤྱི་	སྤྱི་	DET
མཆོད་	མཆོད་	VERB
དབུ་རྩེ་	དབུ་རྩེ་	PROPN
འི་	གི་	PART
རྒྱ་ཕུབས་	རྒྱ་ཕུབས་	NO_POS
རྣམས་	རྣམས་	DET
ལ་	ལ་	PART
ཞིག་གསོ་	ཞིག་གསོ་	NO_POS
ཡང་	ཀྱང་	PART
གནང་	གནང་	NO_POS
རྗེས་	རྗེས་	NOUN
།		PUNCT
སྐུ་ཚ་	སྐུ་ཚ་	NO_POS
རབ་འབྱམས་པ་	རབ་འབྱམས་པ་	ADJ
འཆི་མེད་	འཆི་མེད་	NOUN
ཕུན་ཚོགས་	ཕུན་ཚོགས་	ADJ
བསྟན་	བསྟན་	VERB
རྒྱ་	རྒྱ་	VERB
གླ་	གླ་	NOUN
འཁོར་	འཁོར་	NOUN
གྱི་	གི་	PART
གདན་ས་	གདན་ས་	NOUN
ར་	ལ་	PART
མངའ་	མངའ་	VERB
བསྐུར་	བསྐུར་	NO_POS
ཏེ་	སྟེ་	PART
།		PUNCT
དབེན་གནས་	དབེན་གནས་	OTHER
རྫ་རི་	རྫ་རི་	PROPN
ར་	ལ་	PART
ཐེགས་	ཐེགས་	NO_POS
ན་	ནས་	PART
ལོ་	གོ་	PART
གསུམ་	གསུམ་	NUM
སྐུ་མཚམས་	སྐུ་མཚམས་	NOUN
ལ་	ལ་	PART
བཞུགས་	བཞུགས་	VERB
།		PUNCT
དེ་ནས་	དེ་ནས་	NO_POS
ལ་	ལ་	PART
ཕྱིར་ཕེབས་	ཕྱིར་ཕེབས་	NO_POS
ཏེ་	སྟེ་	PART
དབྱར་	དབྱར་	ADV
ཐོག་	ཐོག་	NOUN
གཅིག་	གཅིག་	NUM
ཀོ་	ཀོ་	NO_POS
བྲག་ཕུག་	བྲག་ཕུག་	NOUN
ཏུ་	ལ་	PART
སྒྲུབ་པ་	སྒྲུབ་པ་	VERB
མཛད་	མཛད་	VERB
།		PUNCT
ལ་	ལ་	PART
ཕྱི་	ཕྱི་	NOUN
འི་	གི་	PART
སྒྲུབ་	སྒྲུབ་	VERB
སྡེ་	སྡེ་	NOUN
རྣམས་	རྣམས་	DET
ལ་	ལ་	PART
ཚོགས་འཁོར་	ཚོགས་འཁོར་	NOUN
དང་	དང་	NO_POS
༑		PUNCT
མང་	མང་	VERB
ཇ་	ཇ་	OTHER
ལན་	ལན་	NOUN
གསུམ་	གསུམ་	NUM
།		PUNCT
གོས་འཕན་	གོས་འཕན་	NO_POS
སྙན་དར་	སྙན་དར་	NO_POS
མར་མེ་	མར་མེ་	NOUN
སོགས་	སོགས་	DET
ཀྱི་	གི་	PART
མཆོད་འབུལ་	མཆོད་འབུལ་	NOUN
དང་	དང་	NO_POS
།		PUNCT
ད་	ད་	NOUN
མོ་	གོ་	PART
ཆེ་	ཆེ་	VERB
གཉིས་	གཉིས་	NUM
ཀྱང་	ཀྱང་	PART
འཛུགས་པ་	འཛུགས་པ་	VERB
ར་	ལ་	PART
མཛད་	མཛད་	VERB
།		PUNCT
དེ་ནས་	དེ་ནས་	NO_POS
གོ་	གོ་	PART
ད་	ད་	ADV
ཝ་	ཝ་	OTHER
རི་	རི་	NOUN
ར་	ལ་	PART
ཕེབས་	ཕེབས་	NO_POS
ཏེ་	སྟེ་	PART
བདེ་མཆོག་	བདེ་མཆོག་	PROPN
གི་	གི་	PART
ཚོགས་མཆོད་	ཚོགས་མཆོད་	NOUN
དང་	དང་	NO_POS
།		PUNCT
ཕོ་མོ་	ཕོ་མོ་	NOUN
བརྒྱད་	བརྒྱད་	NUM
ཙམ་	ཙམ་	DET
ལ་	ལ་	PART
སྐྱབས་འགྲོ་	སྐྱབས་འགྲོ་	OTHER
འི་	གི་	PART
སྡོམ་པ་	སྡོམ་པ་	NOUN
བསྩལ་	བསྩལ་	NO_POS
།		PUNCT
རེ་ཞིག་	རེ་ཞིག་	NO_POS
དིང་རི་	དིང་རི་	PROPN
ར་	ལ་	PART
ཕྱགས་ཕེབས་	ཕྱགས་ཕེབས་	NO_POS
ན་	ནས་	PART
གདན་ས་	གདན་ས་	NOUN
བ་	བ་	NOUN
ཞི་བྱེད་	ཞི་བྱེད་	NOUN
འཆད་	འཆད་	VERB
ཀྱིན་	གིན་	PART
བཞུགས་པ་	བཞུགས་པ་	VERB
ན་	ལ་	PART
།		PUNCT
ཤིང་ཕོ་	ཤིང་ཕོ་	NO_POS
བྱི་བ་	བྱི་བ་	NOUN
འི་	གི་	PART
སོ་	སོ་	PART
ས་	གིས་	PART
།		PUNCT
བདག་ཅག་	བདག་ཅག་	PRON
གི་	གི་	PART
དཔལ་ལྡན་	དཔལ་ལྡན་	ADJ
བླ་མ་	བླ་མ་	NOUN
དམ་པ་	དམ་པ་	VERB
མཚན་	མཚན་	NOUN
བརྗོད་པ་	བརྗོད་པ་	VERB
ར་	ལ་	PART
དཀའ་བ་	དཀའ་བ་	VERB
།		PUNCT
གཏེར་ཆེན་	གཏེར་ཆེན་	OTHER
ཆོ་	ཆོ་	NOUN
ཀྱི་	གི་	PART
རྒྱལ་པོ་	རྒྱལ་པོ་	NOUN
ས་	གིས་	PART
དབུ་	དབུ་	NOUN
ཕྱོགས་	ཕྱོགས་	NOUN
ལྷོ་	ལྷོ་	NOUN
བྱང་	བྱང་	NOUN
གི་	གི་	PART
ཞི་བྱེད་	ཞི་བྱེད་	NOUN
ཀྱི་	གི་	PART
བསྟན་པ་	བསྟན་པ་	VERB
ཉམས་	ཉམས་	NOUN
སྨད་པ་	སྨད་པ་	VERB
རྣམས་	རྣམས་	DET
གསོ་བ་	གསོ་བ་	VERB
འི་	གི་	PART
ཐུགས་བསྐྱེད་	ཐུགས་བསྐྱེད་	OTHER
བཟང་པོ་	བཟང་པོ་	ADJ
ས་	གིས་	PART
བང་	བང་	NOUN
ཕྱིན་	ཕྱིན་	VERB
གཉིས་	གཉིས་	NUM
ཆེད་གཏད་	ཆེད་གཏད་	NO_POS
དིང་རི་	དིང་རི་	PROPN
ར་	ལ་	PART
སྤྱན་	སྤྱན་	NOUN
འདྲེན་	འདྲེན་	NO_POS
ལ་	ལ་	PART
རྫོང་	རྫོང་	NOUN
རྟ་	རྟ་	NOUN
གནང་བ་	གནང་བ་	NO_POS
ལྟ་	ལྟ་	OTHER
།		PUNCT
ཆོས་རྗེ་	ཆོས་རྗེ་	NOUN
རིན་པོ་ཆེ་	རིན་པོ་ཆེ་	ADJ
འང་	ཀྱང་	PART
དགྱེས་	དགྱེས་	NO_POS
བཞིན་པ་	བཞིན་པ་	NOUN
ར་	ལ་	PART
ཆོས་གྲྭ་	ཆོས་གྲྭ་	NOUN
ཆེན་པོ་	ཆེན་པོ་	ADJ
སྨིན་གྲོལ་	སྨིན་གྲོལ་	NOUN
གླིང་	གླིང་	NOUN
དུ་	ལ་	PART
ཕྱགས་ཕེབས་	ཕྱགས་ཕེབས་	NO_POS
ཏེ་	སྟེ་	PART
།		PUNCT
རྗེ་	རྗེ་	NO_POS
རིག་འཛིན་	རིག་འཛིན་	OTHER
ཆེན་པོ་	ཆེན་པོ་	ADJ
ར་	ལ་	PART
དངུལ་	དངུལ་	NOUN
དོང་ཙེ་	དོང་ཙེ་	NOUN
འི་	གི་	PART
ཚོམ་བུ་	ཚོམ་བུ་	OTHER
ས་	གིས་	PART
བརྒྱན་པ་	བརྒྱན་པ་	VERB
འི་	གི་	PART
མཎྜལ་		NON_WORD
དང་	དང་	NO_POS
༑		PUNCT
འབུལ་	འབུལ་	NO_POS
ཚན་	ཚན་	NOUN
གྱ་ནོམ་པ་	གྱ་ནོམ་པ་	ADJ
བཅའ་	བཅའ་	VERB
ཞབས་བརྟན་	ཞབས་བརྟན་	OTHER
ཞིག་	ཅིག་	PART
འབུལ་བ་	འབུལ་བ་	VERB
ར་	ལ་	PART
མཛད་	མཛད་	VERB
།		PUNCT
དེ་	སྟེ་	PART
རྗེས་	རྗེས་	NOUN
བསམ་	བསམ་	NOUN
དགོན་	དགོན་	OTHER
གདུང་རྒྱུད་	གདུང་རྒྱུད་	OTHER
སྐུ་མཆེད་	སྐུ་མཆེད་	NOUN
དང་	དང་	NO_POS
།		PUNCT
ཡབ་པ་	ཡབ་པ་	NO_POS
གདུང་རྒྱུད་	གདུང་རྒྱུད་	OTHER
།		PUNCT
འཛམ་གླིང་	འཛམ་གླིང་	NOUN
ཆོས་འཁོར་	ཆོས་འཁོར་	NOUN
གྱི་	གི་	PART
རིན་པོ་ཆེ་	རིན་པོ་ཆེ་	ADJ
ཀུན་སྤངས་པ་	ཀུན་སྤངས་པ་	NO_POS
།		PUNCT
ཞབས་ཕྱི་བ་	ཞབས་ཕྱི་བ་	NOUN
ཆོས་མཛད་	ཆོས་མཛད་	PROPN
སྨན་	སྨན་	NOUN
ལྷ་	ལྷ་	NOUN
དང་	དང་	NO_POS
གསང་སྔགས་	གསང་སྔགས་	NOUN
།		PUNCT
སྤ་	སྤ་	OTHER
གྲོ་	གྲོ་	NOUN
སྒྲུབ་	སྒྲུབ་	VERB
ཆེན་པ་	ཆེན་པ་	NO_POS
རྣམས་	རྣམས་	DET
ལ་	ལ་	PART
ཞི་བྱེད་	ཞི་བྱེད་	NOUN
སྔ་ཕྱི་	སྔ་ཕྱི་	ADJ
བ་	བ་	NOUN
གསུམ་	གསུམ་	NUM
གྱི་	གི་	PART
དབང་	དབང་	NOUN
ཁྲིད་	ཁྲིད་	VERB
བཀའ་ལུང་	བཀའ་ལུང་	NOUN
དང་	དང་	NO_POS
བཅས་པ་	བཅས་པ་	VERB
རྫོགས་པ་	རྫོགས་པ་	VERB
ར་	ལ་	PART
གནང་བ་	གནང་བ་	NO_POS
འི་	གི་	PART
ཚེ་	ཚེ་	NOUN
བདག་	བདག་	PRON
གིས་	གིས་	PART
ཀྱང་	ཀྱང་	PART
ཚང་བ་	ཚང་བ་	VERB
ར་	ལ་	PART
ཞུ་	ཞུ་	VERB
ཤིང་	ཅིང་	PART
།		PUNCT
གཞན་	གཞན་	DET
ཡང་	ཀྱང་	PART
བྱ་རྒོད་	བྱ་རྒོད་	NOUN
ཨ་ལ་	ཨ་ལ་	ADV
ཕུག་པ་	ཕུག་པ་	VERB
མཁས་གྲུབ་	མཁས་གྲུབ་	NOUN
ཆོས་སྐྱོང་	ཆོས་སྐྱོང་	NOUN
རྒྱལ་མཚན་	རྒྱལ་མཚན་	NOUN
གྱིས་	གིས་	PART
ཀྱང་	ཀྱང་	PART
གླེགས་བམ་	གླེགས་བམ་	NOUN
གྱི་	གི་	PART
དབང་	དབང་	NOUN
སོགས་	སོགས་	DET
རྒྱུད་པ་	རྒྱུད་པ་	NOUN
ཕྱི་མ་	ཕྱི་མ་	ADJ
འི་	གི་	PART
དབང་	དབང་	NOUN
ཕལ་	ཕལ་	NOUN
མོ་	གོ་	PART
ཆེ་	ཆེ་	VERB
དང་	དང་	NO_POS
བཀའ་ལུང་	བཀའ་ལུང་	NOUN
ཅི་རིགས་པ་	ཅི་རིགས་པ་	OTHER
འང་	ཀྱང་	PART
གསན་	གསན་	NO_POS
།		PUNCT
དེ་ནས་	དེ་ནས་	NO_POS
ཡར་འབྲོག་	ཡར་འབྲོག་	NOUN
ཏུ་	ལ་	PART
སྐོར་	སྐོར་	NOUN
ཙམ་	ཙམ་	DET
ཐེགས་	ཐེགས་	NO_POS
ན་	ནས་	PART
འཛམ་གླིང་	འཛམ་གླིང་	NOUN
ཆོས་འཁོར་	ཆོས་འཁོར་	NOUN
དུ་	ལ་	PART
ཟབ་	ཟབ་	VERB
གསལ་	གསལ་	VERB
ལྟ་	ལྟ་	NOUN
ཁྲིད་	ཁྲིད་	VERB
སོགས་	སོགས་	DET
དབང་	དབང་	NOUN
ཁྲིད་	ཁྲིད་	VERB
མང་	མང་	VERB
དུ་	ལ་	PART
མཛད་	མཛད་	VERB
།		PUNCT
དེ་	སྟེ་	PART
དང་	དང་	NO_POS
ཉེ་བ་	ཉེ་བ་	VERB
འི་	གི་	PART
དབེན་	དབེན་	VERB
རི་	རི་	NOUN
ར་	ལ་	PART
ཨ་	ཨ་	X
གྷོ་		NON_WORD
ར་	ར་	ADP
འི་	གི་	PART
བསྙེན་པ་	བསྙེན་པ་	VERB
ཁ་	ཁ་	PRON
གསོ་	གསོ་	NO_POS
བདུན་	བདུན་	NUM
ཕྲག་	ཕྲག་	NUM
གསུམ་	གསུམ་	NUM
མཛད་	མཛད་	VERB
ཅིང་	ཅིང་	PART
།		PUNCT
དེ་བ་	དེ་བ་	PRON
དབོན་པོ་	དབོན་པོ་	NOUN
ཞི་བྱེད་	ཞི་བྱེད་	NOUN
བཀའ་	བཀའ་	NOUN
བབ་	བབ་	VERB
བར་པ་	བར་པ་	NOUN
འི་	གི་	PART
ཕྱག་དཔེ་	ཕྱག་དཔེ་	NOUN
འགའ་ཞིག་	འགའ་ཞིག་	OTHER
མ་ཚང་བ་	མ་ཚང་བ་	NO_POS
ལེན་པ་	ལེན་པ་	VERB
ར་	ལ་	PART
དིང་རི་	དིང་རི་	PROPN
ར་	ལ་	PART
མངགས་པ་	མངགས་པ་	VERB
འབྱོར་	འབྱོར་	VERB
ན་	ནས་	PART
།		PUNCT
སླར་ཡང་	སླར་ཡང་	OTHER
སྨིན་གྲོལ་	སྨིན་གྲོལ་	NOUN
གླིང་	གླིང་	NOUN
དུ་	ལ་	PART
ཕེབས་	ཕེབས་	NO_POS
ཏེ་	སྟེ་	PART
།		PUNCT
ཆོ་	ཆོ་	NOUN
ཞུ་བ་	ཞུ་བ་	VERB
སྔ་	སྔ་	NOUN
སྨོས་	སྨོས་	VERB
རྣམས་	རྣམས་	DET
ལ་	ལ་	PART
ཨ་	ཨ་	X
གྷོ་		NON_WORD
ར་	ར་	ADP
འི་	གི་	PART
ཐུན་མོང་	ཐུན་མོང་	ADJ
མ་ཡིན་པ་	མ་ཡིན་པ་	OTHER
འི་	གི་	PART
དབང་	དབང་	NOUN
།		PUNCT
ལམ་	གམ་	PART
གསུམ་	གསུམ་	NUM
མ་	མ་	PART
དང་	དང་	NO_POS
གཅིག་	གཅིག་	NUM
མ་	མ་	PART
འི་	གི་	PART
གླེགས་བམ་	གླེགས་བམ་	NOUN
གྱི་	གི་	PART
དབང་	དབང་	NOUN
།		PUNCT
བཀའ་	བཀའ་	NOUN
བབ་	བབ་	VERB
དང་པོ་	དང་པོ་	ADJ
སྒྲོལ་མ་	སྒྲོལ་མ་	PROPN
སྐོར་	སྐོར་	NOUN
གསུམ་	གསུམ་	NUM
གྱི་	གི་	PART
དབང་	དབང་	NOUN
དང་	དང་	NO_POS
རྗེས་གནང་	རྗེས་གནང་	NOUN
གསུམ་	གསུམ་	NUM
།		PUNCT
རྨ་	རྨ་	NOUN
འི་	གི་	PART
ལག་ཁྲིད་	ལག་ཁྲིད་	NO_POS
ཀྱི་	གི་	PART
ཁྲིད་	ཁྲིད་	VERB
བཀའ་	བཀའ་	NOUN
།		PUNCT
བཀའ་	བཀའ་	NOUN
བབ་	བབ་	VERB
བར་པ་	བར་པ་	NOUN
འི་	གི་	PART
ལུང་	ལུང་	NOUN
འཕྲོ་	འཕྲོ་	NOUN
རྣམས་	རྣམས་	DET
དང་	དང་	NO_POS
།		PUNCT
གཞན་	གཞན་	DET
ཡང་	ཀྱང་	PART
སྦས་དོན་	སྦས་དོན་	OTHER
ལ་སོགས་པ་	ལ་སོགས་པ་	NO_POS
འི་	གི་	PART
ལུང་	ལུང་	NOUN
།		PUNCT
རིན་པོ་ཆེ་	རིན་པོ་ཆེ་	ADJ
ཀུན་སྤངས་པ་	ཀུན་སྤངས་པ་	NO_POS
ར་	ལ་	PART
ཀུན་རིག་	ཀུན་རིག་	OTHER
གི་	གི་	PART
དབང་	དབང་	NOUN
དང་	དང་	NO_POS
།		PUNCT
དམག་ཟོར་	དམག་ཟོར་	PROPN
མ་	མ་	PART
འི་	གི་	PART
རྗེས་གནང་	རྗེས་གནང་	NOUN
།		PUNCT
དེ་ཉིད་	དེ་ཉིད་	NOUN
སྙིང་པོ་	སྙིང་པོ་	NOUN
དང་	དང་	NO_POS
།		PUNCT
རྒྱུད་སྡེ་	རྒྱུད་སྡེ་	NOUN
སྤྱི་	སྤྱི་	DET
རྣམ་	རྣམ་	NOUN
ལ་སོགས་པ་	ལ་སོགས་པ་	NO_POS
འི་	གི་	PART
ལུང་	ལུང་	NOUN
རྣམས་	རྣམས་	DET
བསྩལ་	བསྩལ་	NO_POS
།		PUNCT
རྗེ་	རྗེ་	NO_POS
གཏེར་ཆེན་	གཏེར་ཆེན་	OTHER
བླ་མ་	བླ་མ་	NOUN
ལ་	ལ་	ADP
འང་	ཀྱང་	PART
དམག་ཟོར་	དམག་ཟོར་	PROPN
མ་	མ་	PART
འི་	གི་	PART
མན་ངག་	མན་ངག་	NOUN
འགའ་ཞིག་	འགའ་ཞིག་	OTHER
དབུལ་བ་	དབུལ་བ་	VERB
ར་	ལ་	PART
མཛད་	མཛད་	VERB
ཅིང་	ཅིང་	PART
།		PUNCT
ཚུ་		
ཡང་	ཀྱང་	PART
རིག་འཛིན་	རིག་འཛིན་	OTHER
ཐུགས་	ཐུགས་	NOUN
ཐིག་	ཐིག་	NOUN
གི་	གི་	PART
དབང་ལུང་	དབང་ལུང་	NO_POS
ཁྲིད་	ཁྲིད་	VERB
བཅས་པ་	བཅས་པ་	VERB
གསན་	གསན་	NO_POS
།		PUNCT
བདག་	བདག་	PRON
གིས་	གིས་	PART
ཀྱང་	ཀྱང་	PART
བརྒྱད་	བརྒྱད་	NUM
སྟོང་པ་	སྟོང་པ་	VERB
སོགས་	སོགས་	DET
མདོ་	མདོ་	NOUN
འི་	གི་	PART
བཀའ་	བཀའ་	NOUN
པོད་	པོད་	NOUN
གསུམ་	གསུམ་	NUM
ཙམ་	ཙམ་	DET
དང་	དང་	NO_POS
།		PUNCT
སྤྱོད་འཇུག་	སྤྱོད་འཇུག་	PROPN
སོགས་	སོགས་	DET
བསྟན་བཅོས་	བསྟན་བཅོས་	NOUN
རྒྱ་	རྒྱ་	NOUN
འགྱུར་	འགྱུར་	VERB
འག་	འགའ་	DET
འི་	གི་	PART
ལུང་	ལུང་	NOUN
ཡང་	ཀྱང་	PART
ཕུལ་	ཕུལ་	VERB
།		PUNCT
དེ་ནས་	དེ་ནས་	NO_POS
སྨིན་གྲོལ་	སྨིན་གྲོལ་	NOUN
གླིང་	གླིང་	NOUN
ན་	ནས་	PART
ཕེབས་རྫོངས་	ཕེབས་རྫོངས་	NO_POS
དང་	དང་	NO_POS
བཅའ་	བཅའ་	VERB
ཆིབས་	ཆིབས་	VERB
བཏེགས་		NON_WORD
ན་	ནས་	PART
ཡར་འབྲོག་	ཡར་འབྲོག་	NOUN
གླིང་	གླིང་	NOUN
དུ་	ལ་	PART
སྤྱན་	སྤྱན་	NOUN
དྲངས་	དྲངས་	NO_POS
།		PUNCT
ཞབས་ཏོག་	ཞབས་ཏོག་	NOUN
བསྙེན་བཀུར་	བསྙེན་བཀུར་	NOUN
འཁོས་	འཁོས་	NO_POS
སུ་	ལ་	PART
ཕེབས་པ་	ཕེབས་པ་	VERB
ས་	གིས་	PART
མཆོད་	མཆོད་	VERB
།		PUNCT
གླིང་	གླིང་	NOUN
གྲྭ་	གྲྭ་	NOUN
ཚང་	ཚང་	VERB
གི་	གི་	PART
གྲྭ་པ་	གྲྭ་པ་	NOUN
མང་པོ་	མང་པོ་	ADJ
ར་	ལ་	PART
དགེ་ཚུལ་	དགེ་ཚུལ་	VERB
སློང་	སློང་	VERB
གི་	གི་	PART
སྡོམ་པ་	སྡོམ་པ་	NOUN
།		PUNCT
སེམས་བསྐྱེད་	སེམས་བསྐྱེད་	NOUN
།		PUNCT
ཚོགས་ཆེན་	ཚོགས་ཆེན་	OTHER
དུ་	ལ་	PART
འཇིགས་བྱེད་	འཇིགས་བྱེད་	OTHER
ཞེ་	ཞེ་	PART
དགུ་	དགུ་	NUM
འི་	གི་	PART
དབང་	དབང་	NOUN
༑		PUNCT
ཚེ་	ཚེ་	NOUN
རྟ་	རྟ་	NOUN
གྲུབ་	གྲུབ་	VERB
རྒྱལ་མ་	རྒྱལ་མ་	OTHER
དང་	དང་	NO_POS
།		PUNCT
ཕྱག་རྡོར་	ཕྱག་རྡོར་	PROPN
ཨུ་	ཨུ་	NO_POS
ཙ་	ཙ་	NOUN
ར་	ལ་	PART
ཡ་	ཡ་	NOUN
འི་	གི་	PART
དབང་	དབང་	NOUN
།		PUNCT
གུ་	གུ་	NOUN
མགོན་	མགོན་	NOUN
།		PUNCT
དམག་ཟོར་	དམག་ཟོར་	PROPN
མ་	མ་	PART
།		PUNCT
ཆོས་བདག་	ཆོས་བདག་	NO_POS
ཞི་	ཞི་	VERB
རྒྱ་	རྒྱ་	VERB
རྣམས་	རྣམས་	DET
ཀྱི་	གི་	PART
རྗེས་གནང་	རྗེས་གནང་	NOUN
།		PUNCT
འཇིགས་	འཇིགས་	VERB
བྲལ་	བྲལ་	VERB
གྱི་	གི་	PART
རྣམ་ཐར་	རྣམ་ཐར་	NOUN
ཡར་འབྲོག་	ཡར་འབྲོག་	NOUN
མ་	མ་	PART
དང་	དང་	NO_POS
ངག་དབང་	ངག་དབང་	PROPN
མ་	མ་	PART
འི་	གི་	PART
ལུང་	ལུང་	NOUN
།		PUNCT
གཞན་	གཞན་	DET
ཡང་	ཀྱང་	PART
ཞལ་འདོན་	ཞལ་འདོན་	OTHER
བསྟོད་ཚོགས་	བསྟོད་ཚོགས་	OTHER
མང་པོ་	མང་པོ་	ADJ
དང་	དང་	NO_POS
།		PUNCT
མདོ་	མདོ་	NOUN
ལྔ་	ལྔ་	NUM
།		PUNCT
མཚན་	མཚན་	NOUN
བརྗོད་	བརྗོད་	VERB
།		PUNCT
སྒྲོལ་མ་	སྒྲོལ་མ་	PROPN
༑		PUNCT
ཚེ་	ཚེ་	NOUN
གཟུངས་	གཟུངས་	NOUN
སོགས་	སོགས་	DET
ཆོས་སྤྱོད་	ཆོས་སྤྱོད་	NOUN
སྐོར་	སྐོར་	NOUN
དང་	དང་	NO_POS
།		PUNCT
བོ་	པོ་	PART
ལུགས་	ལུགས་	NOUN
ཆོས་སྐྱོང་	ཆོས་སྐྱོང་	NOUN
རྣམས་	རྣམས་	DET
ཀྱི་	གི་	PART
གཏོ་	གཏོ་	VERB
བསྐང་	བསྐང་	NO_POS
།		PUNCT
འཕོ་བ་	འཕོ་བ་	VERB
ལྕགས་ཐག་	ལྕགས་ཐག་	NO_POS
མ་	མ་	PART
རྣམས་	རྣམས་	DET
ཀྱི་	གི་	PART
ལུང་	ལུང་	NOUN
བསྩལ་	བསྩལ་	NO_POS
ཅིང་	ཅིང་	PART
།		PUNCT
འདུས་པ་	འདུས་པ་	VERB
ར་	ལ་	PART
ཤང་	ཤང་	NO_POS
ལེན་	ལེན་	VERB
གྱི་	གི་	PART
མང་	མང་	VERB
ཇ་	ཇ་	OTHER
གདན་	གདན་	NOUN
ནོན་	ནོན་	VERB
འགྱེད་	འགྱེད་	VERB
དང་	དང་	NO_POS
བཅས་པ་	བཅས་པ་	VERB
འང་	ཀྱང་	PART
གནང་	གནང་	NO_POS
།		PUNCT
སྤྱི་སྒེར་	སྤྱི་སྒེར་	NO_POS
ཐམས་ཅད་	ཐམས་ཅད་	DET
ཀྱི་	གི་	PART
དད་གུས་	དད་གུས་	NOUN
ཕུན་སུམ་	ཕུན་སུམ་	OTHER
ཚོགས་པ་	ཚོགས་པ་	VERB
ས་	གིས་	PART
མཆོད་	མཆོད་	VERB
ཅིང་	ཅིང་	PART
།		PUNCT
ཚོགས་	ཚོགས་	NOUN
དབུ་	དབུ་	NOUN
ར་	ལ་	PART
སྤྱན་	སྤྱན་	NOUN
དྲངས་	དྲངས་	NO_POS
ན་	ནས་	PART
ཞབས་བརྟན་	ཞབས་བརྟན་	OTHER
ཀྱང་	ཀྱང་	PART
རྒྱས་པ་	རྒྱས་པ་	VERB
ར་	ལ་	PART
ཕུལ་	ཕུལ་	VERB
།		PUNCT
དེ་	དེ་	DET
ར་	ལ་	PART
གླིང་	གླིང་	NOUN
གི་	གི་	PART
ཞབས་དྲུང་	ཞབས་དྲུང་	OTHER
ཡུམ་	ཡུམ་	NOUN
དྲུང་པ་	དྲུང་པ་	ADJ
འི་	གི་	PART
སྐུ་རིམ་	སྐུ་རིམ་	NOUN
དུ་	ལ་	PART
དམག་ཟོར་	དམག་ཟོར་	PROPN
མ་	མ་	PART
འི་	གི་	PART
གཏོར་ཟློག་	གཏོར་ཟློག་	NO_POS
ཞིག་	ཅིག་	PART
ཀྱང་	ཀྱང་	PART
མཛད་	མཛད་	VERB
།		PUNCT
དེ་ནས་	དེ་ནས་	NO_POS
ཆོས་རྗེ་	ཆོས་རྗེ་	NOUN
པད་	པད་	NO_POS
ཀ་		
བ་	བ་	ADP
དགའ་ལྡན་	དགའ་ལྡན་	PROPN
རི་ཁྲོད་	རི་ཁྲོད་	NOUN
དུ་	ལ་	PART
སྤྱན་	སྤྱན་	NOUN
དྲངས་	དྲངས་	NO_POS
ཏེ་	སྟེ་	PART
ཞབས་ཏོག་	ཞབས་ཏོག་	NOUN
རྒྱས་པ་	རྒྱས་པ་	VERB
ར་	ལ་	PART
སྟོབ་	སྟོབ་	NO_POS
།		PUNCT
ཕན་ཚུན་	ཕན་ཚུན་	ADV
ཐུགས་	ཐུགས་	NOUN
གཅུགས་པ་	གཅུགས་པ་	VERB
འི་	གི་	PART
འབེལ་གཏམ་	འབེལ་གཏམ་	NOUN
གྱིས་	གིས་	PART
དུས་	དུས་	NOUN
འདའ་བ་	འདའ་བ་	VERB
ར་	ལ་	PART
གྱུར་	གྱུར་	VERB
།		PUNCT
དེ་ནས་	དེ་ནས་	NO_POS
བསམ་	བསམ་	NOUN
སྡིངས་	སྡིངས་	OTHER
སུ་	ལ་	PART
ཐེགས་	ཐེགས་	NO_POS
ཏེ་	སྟེ་	PART
།		PUNCT
རྗེ་བཙུན་	རྗེ་བཙུན་	NOUN
མ་	མ་	NOUN
བརྟན་བཞུགས་	བརྟན་བཞུགས་	OTHER
དང་	དང་	NO_POS
དམག་ཟོར་	དམག་ཟོར་	PROPN
མ་	མ་	PART
འི་	གི་	PART
དབང་ལུང་	དབང་ལུང་	NO_POS
འབུལ་བ་	འབུལ་བ་	VERB
ར་	ལ་	PART
མཛད་	མཛད་	VERB
།		PUNCT
སྒར་་	སྒར་པ་	
རྣམས་	རྣམས་	DET
ལ་	ལ་	ADP
འང་	ཀྱང་	PART
དྲུག་ཅུ་པ་	དྲུག་ཅུ་པ་	NUM
འི་	གི་	PART
ཕྱག་ལེན་	ཕྱག་ལེན་	NOUN
གྱི་	གི་	PART
ཁྲིད་	ཁྲིད་	VERB
༑		PUNCT
མདོ་	མདོ་	NOUN
གཅོད་	གཅོད་	NO_POS
སོགས་	སོགས་	DET
མན་ངག་	མན་ངག་	NOUN
དང་	དང་	NO_POS
ལུང་	ལུང་	NOUN
ཕྲན་	ཕྲན་	OTHER
འགའ་ཡང་	འགའ་ཡང་	NO_POS
བསྩལ་	བསྩལ་	NO_POS
ན་	ནས་	PART
ཆོས་རྗེ་	ཆོས་རྗེ་	NOUN
སྟག་	སྟག་	NOUN
སྐྱེས་པ་	སྐྱེས་པ་	VERB
ས་	གིས་	PART
སྤྱན་	སྤྱན་	NOUN
དྲངས་	དྲངས་	NO_POS
།		PUNCT
དེ་	དེ་	DET
ར་	ལ་	PART
སྟག་	སྟག་	NOUN
སྐྱེ་	སྐྱེ་	VERB
ཆོས་རྗེ་	ཆོས་རྗེ་	NOUN
དང་	དང་	NO_POS
མངོན་དག་	མངོན་དགའ་	NO_POS
འི་	གི་	PART
སློབ་དཔོན་	སློབ་དཔོན་	NOUN
ས་	ས་	ADP
ར་	ལ་	PART
།		PUNCT
ཀུན་རིག་	ཀུན་རིག་	OTHER
།		PUNCT
དམག་ཟོར་	དམག་ཟོར་	PROPN
མ་	མ་	PART
།		PUNCT
ཆོས་བདག་	ཆོས་བདག་	NO_POS
རྣམས་	རྣམས་	DET
ཀྱི་	གི་	PART
དབང་	དབང་	NOUN
རྗེས་གནང་	རྗེས་གནང་	NOUN
ལུང་	ལུང་	NOUN
དང་	དང་	NO_POS
བཅས་པ་	བཅས་པ་	VERB
བསྩལ་	བསྩལ་	NO_POS
།		PUNCT
དེ་ནས་	དེ་ནས་	NO_POS
ཆོས་སྡེ་	ཆོས་སྡེ་	NOUN
དང་	དང་	NO_POS
བང་	བང་	NOUN
བདག་པ་	བདག་པ་	VERB
ས་	གིས་	PART
སྤྱན་	སྤྱན་	NOUN
དྲངས་	དྲངས་	NO_POS
ཏེ་	སྟེ་	PART
སྙེ་མོ་	སྙེ་མོ་	NO_POS
ར་	ལ་	PART
ཐེགས་	ཐེགས་	NO_POS
།		PUNCT
ཆོས་འཁོར་	ཆོས་འཁོར་	NOUN
བདེ་ཆེན་	བདེ་ཆེན་	NOUN
འདུས་ཚོགས་	འདུས་ཚོགས་	NO_POS
ལ་	ལ་	PART
།		PUNCT
འཇིགས་བྱེད་	འཇིགས་བྱེད་	OTHER
།		PUNCT
ཀུན་རིག་	ཀུན་རིག་	OTHER
།		PUNCT
ཚེ་	ཚེ་	NOUN
རྟ་	རྟ་	NOUN
།		PUNCT
ཕྱག་རྡོར་	ཕྱག་རྡོར་	PROPN
།		PUNCT
རྣམ་	རྣམ་	NOUN
འཇོམས་	འཇོམས་	NO_POS
།		PUNCT
གུ་	གུ་	NOUN
མགོན་	མགོན་	NOUN
།		PUNCT
དམག་ཟོར་	དམག་ཟོར་	PROPN
མ་	མ་	PART
།		PUNCT
ཆོས་བདག་	ཆོས་བདག་	NO_POS
རྣམས་	རྣམས་	DET
ཀྱི་	གི་	PART
དབང་	དབང་	NOUN
རྗེས་གནང་	རྗེས་གནང་	NOUN
ལུང་	ལུང་	NOUN
དང་	དང་	NO_POS
བཅས་པ་	བཅས་པ་	VERB
།		PUNCT
གཞན་	གཞན་	DET
ཡང་	ཀྱང་	PART
ཀྱེ་རྡོར་	ཀྱེ་རྡོར་	OTHER
ལམ་	གམ་	PART
དུས་	དུས་	NOUN
།		PUNCT
སྦས་དོན་	སྦས་དོན་	OTHER
གོང་	གོང་	NOUN
ཁུག་མ་	ཁུག་མ་	NO_POS
སོགས་	སོགས་	DET
མན་ངག་	མན་ངག་	NOUN
མང་པོ་	མང་པོ་	ADJ
དང་	དང་	NO_POS
༑		PUNCT
འཇིགས་	འཇིགས་	VERB
བྲལ་	བྲལ་	VERB
གྱི་	གི་	PART
རྣམ་ཐར་	རྣམ་ཐར་	NOUN
ཕྱི་	ཕྱི་	NOUN
ནང་	ནང་	NOUN
སོགས་	སོགས་	DET
ཆོ་	ཆོ་	NOUN
བཀའ་	བཀའ་	NOUN
མཐའ་ཡས་པ་	མཐའ་ཡས་པ་	ADJ
བསྩལ་	བསྩལ་	NO_POS
ཅིང་	ཅིང་	PART
།		PUNCT
སྤྱི་རྫས་	སྤྱི་རྫས་	NO_POS
སུ་	ལ་	PART
བླ་རེ་	བླ་རེ་	NOUN
བ་དན་	བ་དན་	NOUN
རྒྱལ་མཚན་	རྒྱལ་མཚན་	NOUN
ལ་སོགས་པ་	ལ་སོགས་པ་	NO_POS
དང་	དང་	NO_POS
།		PUNCT
མང་	མང་	VERB
ཇ་	ཇ་	OTHER
སྦྱོར་	སྦྱོར་	VERB
བཅུ་	བཅུ་	NUM
༑		PUNCT
ཕྱག་	ཕྱག་	NOUN
འགྱེད་	འགྱེད་	VERB
།		PUNCT
སྔ་	སྔ་	NOUN
གྱི་	གི་	PART
ཕོགས་	ཕོགས་	NOUN
ཚུལ་	ཚུལ་	NOUN
གྱི་	གི་	PART
སྟེང་	སྟེང་	NOUN
དུ་	ལ་	PART
ན་	ནས་	PART
ཁལ་	ཁལ་	NOUN
བརྒྱ་	བརྒྱ་	NUM
འི་	གི་	PART
བསྣོན་		NON_WORD
མ་	མ་	PART
དང་	དང་	NO_POS
།		PUNCT
དེ་	དེ་	DET
ས་	གིས་	PART
མཚམས་པ་	མཚམས་པ་	NOUN
བཅོ་ལྔ་	བཅོ་ལྔ་	NO_POS
ལ་	ལ་	PART
ཟླ་བ་	ཟླ་བ་	NOUN
གསུམ་	གསུམ་	NUM
གྱི་	གི་	PART
བ་	བ་	NOUN
དུ་	ལ་	PART
ཕོགས་	ཕོགས་	NOUN
ཇ་ཐུག་	ཇ་ཐུག་	NO_POS
རྣམས་	རྣམས་	DET
བསྩལ་	བསྩལ་	NO_POS
།		PUNCT
དེ་ནས་	དེ་ནས་	NO_POS
རིམ་པ་	རིམ་པ་	NOUN
ར་	ལ་	PART
སྡེ་པ་	སྡེ་པ་	NOUN
བྱ་	བྱ་	VERB
སྒོ་བ་	སྒོ་བ་	NOUN
།		PUNCT
དགོན་གནས་	དགོན་གནས་	NO_POS
།		PUNCT
མདོ་	མདོ་	NOUN
མཁར་འ་	མཁར་བ་	NOUN
།		PUNCT
གླིང་པ་	གླིང་པ་	NOUN
།		PUNCT
བདེ་ལེགས་	བདེ་ལེགས་	NOUN
གླིང་པ་	གླིང་པ་	NOUN
།		PUNCT
བ་	བ་	NOUN
ཐང་	ཐང་	NOUN
དུ་	ལ་	PART
སྡེ་པ་	སྡེ་པ་	NOUN
དམག་དཔོན་པ་	དམག་དཔོན་པ་	NOUN
སོགས་	སོགས་	DET
མཆོག་	མཆོག་	ADJ
དམན་	དམན་	VERB
ཐམས་ཅད་	ཐམས་ཅད་	DET
ཀྱིས་	གིས་	PART
སྤྱན་	སྤྱན་	NOUN
དྲངས་	དྲངས་	NO_POS
ཏེ་	སྟེ་	PART
དད་གུས་	དད་གུས་	NOUN
ཕུལ་	ཕུལ་	VERB
དུ་	ལ་	PART
བྱུང་བ་	བྱུང་བ་	VERB
ས་	གིས་	PART
མཆོད་	མཆོད་	VERB
།		PUNCT
ཚེ་	ཚེ་	NOUN
རྟ་	རྟ་	NOUN
རྣམ་	རྣམ་	NOUN
འཇོམས་	འཇོམས་	NO_POS
ཕྱག་རྡོར་	ཕྱག་རྡོར་	PROPN
སོགས་	སོགས་	DET
རང་སྐལ་	རང་སྐལ་	NO_POS
དང་	དང་	NO_POS
འཚམས་པ་	འཚམས་པ་	VERB
འི་	གི་	PART
བྱིན་རླབས་	བྱིན་རླབས་	NOUN
དང་	དང་	NO_POS
།		PUNCT
གཤིན་	གཤིན་	NO_POS
གསོན་	གསོན་	VERB
གྱི་	གི་	PART
བསྔོ་བ་	བསྔོ་བ་	VERB
།		PUNCT
སྐྱབས་འགྲོ་	སྐྱབས་འགྲོ་	OTHER
།		PUNCT
བསྙེན་གནས་	བསྙེན་གནས་	NO_POS
སེམས་བསྐྱེད་	སེམས་བསྐྱེད་	NOUN
སོགས་	སོགས་	DET
གང་	གང་	NO_POS
ལ་	ལ་	PART
གང་	གང་	NO_POS
འཚམས་	འཚམས་	NO_POS
ཀྱིས་	གིས་	PART
གདུལ་བྱ་	གདུལ་བྱ་	NOUN
ལ་	ལ་	PART
ཐར་པ་	ཐར་པ་	VERB
འི་	གི་	PART
ས་བོན་	ས་བོན་	NOUN
བཞག་	བཞག་	VERB
སྟེ་	སྟེ་	PART
༑		PUNCT
ཟླ་བ་	ཟླ་བ་	NOUN
གསུམ་	གསུམ་	NUM
ལ་ཉེ་	ལ་ཉེ་	NO_POS
བ་	བ་	NOUN
རྗེ་	རྗེ་	NO_POS
མཐོ་	མཐོ་	VERB
ཟེར་བ་	ཟེར་བ་	VERB
འི་	གི་	PART
རི་ཁྲོད་	རི་ཁྲོད་	NOUN
དུ་	ལ་	PART
ཐུགས་དམ་	ཐུགས་དམ་	NOUN
ལ་	ལ་	PART
བཞུགས་	བཞུགས་	VERB
རྗེས་	རྗེས་	NOUN
བང་	བང་	NOUN
བདག་	བདག་	PRON
ཏུ་	ལ་	PART
སྤྱན་	སྤྱན་	NOUN
དྲངས་	དྲངས་	NO_POS
ཏེ་	སྟེ་	PART
།		PUNCT
རྐྱེན་སེལ་	རྐྱེན་སེལ་	NO_POS
རིམ་གྲོ་	རིམ་གྲོ་	NOUN
འགའ་ཞིག་	འགའ་ཞིག་	OTHER
མཛད་	མཛད་	VERB
།		PUNCT
དེ་ནས་	དེ་ནས་	NO_POS
ཤོད་	ཤོད་	VERB
ཆེན་	ཆེན་	NO_POS
སྐྱི་	སྐྱི་	NO_POS
ལུང་	ལུང་	NOUN
དུ་	ལ་	PART
ཕེབས་	ཕེབས་	NO_POS
ཏེ་	སྟེ་	PART
གོང་	གོང་	NOUN
ཞབས་	ཞབས་	NOUN
རྩེ་ཤོད་	རྩེ་ཤོད་	NO_POS
མཇལ་ཕྱག་	མཇལ་ཕྱག་	NO_POS
དང་	དང་	NO_POS
།		PUNCT
དེ་	དེ་	DET
ར་	ལ་	PART
རྗེ་	རྗེ་	NO_POS
གཏེར་ཆེན་	གཏེར་ཆེན་	OTHER
བླ་མ་	བླ་མ་	NOUN
ཕེབས་པ་	ཕེབས་པ་	VERB
འང་	ཀྱང་	PART
མཇལ་བ་	མཇལ་བ་	VERB
ར་	ལ་	PART
མཛད་	མཛད་	VERB
ན་	ནས་	PART
།		PUNCT
སླར་ཡང་	སླར་ཡང་	OTHER
སྙེ་མོ་	སྙེ་མོ་	NO_POS
དང་	དང་	NO_POS
རོང་	རོང་	PROPN
གླང་	གླང་	NOUN
བུ་	བུ་	NOUN
སོགས་	སོགས་	DET
སུ་	ལ་	PART
སྐོར་	སྐོར་	NOUN
རེ་	རེ་	DET
ཐེགས་	ཐེགས་	NO_POS
ཏེ་	སྟེ་	PART
དལ་འགྲོ་	དལ་འགྲོ་	NO_POS
ཀྱིས་	གིས་	PART
དིང་རི་	དིང་རི་	PROPN
ར་	ལ་	PART
ཕེབས་	ཕེབས་	NO_POS
།		PUNCT
གྲྭ་	གྲྭ་	NOUN
སློབ་	སློབ་	VERB
ཡོན་བདག་	ཡོན་བདག་	NOUN
དང་	དང་	NO_POS
བཅས་པ་	བཅས་པ་	VERB
ལ་	ལ་	PART
ཚེ་དབང་	ཚེ་དབང་	PROPN
ཞིག་	ཅིག་	PART
མཛད་	མཛད་	VERB
ན་	ནས་	PART
།		PUNCT
ལ་	ལ་	PART
ཕྱི་	ཕྱི་	NOUN
ཆུ་	ཆུ་	NOUN
དབའ་	དབའ་	OTHER
དུ་	ལ་	PART
ཐུགས་དམ་	ཐུགས་དམ་	NOUN
ལ་	ལ་	PART
འབྱོན་པ་	འབྱོན་པ་	VERB
ར་	ལ་	PART
ཐུགས་ཐག་	ཐུགས་ཐག་	NOUN
བཅད་	བཅད་	VERB
།		PUNCT
དེ་	དེ་	DET
ར་	ལ་	PART
གདན་ས་པ་	གདན་ས་པ་	NOUN
དང་	དང་	NO_POS
བུ་སློབ་	བུ་སློབ་	NOUN
ཡོན་བདག་	ཡོན་བདག་	NOUN
བཅས་པ་	བཅས་པ་	VERB
ས་	གིས་	PART
དིང་རི་	དིང་རི་	PROPN
རང་	རང་	PRON
དུ་	ལ་	PART
ཐུགས་	ཐུགས་	NOUN
ཕབས་	ཕབས་	NOUN
ན་	ནས་	PART
བཞུགས་པ་	བཞུགས་པ་	VERB
ར་	ལ་	PART
གསོལ་བ་	གསོལ་བ་	VERB
ནན་ཏན་	ནན་ཏན་	NOUN
དུ་	ལ་	PART
བཏབ་པ་	བཏབ་པ་	VERB
ལྟ་	ལྟ་	OTHER
།		PUNCT
དུར་ཁྲོད་	དུར་ཁྲོད་	NOUN
རྫ་རི་	རྫ་རི་	PROPN
ར་	ལ་	PART
ཕལ་ཆེ་		
སྐུ་མཚམས་	སྐུ་མཚམས་	NOUN
ཁོ་ན་	ཁོ་ན་	DET
ལ་	ལ་	PART
བཞུགས་	བཞུགས་	VERB
།		PUNCT
དེ་ནས་	དེ་ནས་	NO_POS
མེ་	མེ་	NOUN
ཡོས་ཟླ་བ་	ཡོས་ཟླ་བ་	NO_POS
བཞི་པ་	བཞི་པ་	ADJ
ན་	ནས་	PART
ཆབ་	ཆབ་	NOUN
གཞི་	གཞི་	NOUN
འི་	གི་	PART
རྣམ་པ་	རྣམ་པ་	NOUN
ས་	གིས་	PART
སྐུ་	སྐུ་	NOUN
བསྙུངས་པ་	བསྙུངས་པ་	VERB
ར་	ལ་	PART
།		PUNCT
གདན་ས་པ་	གདན་ས་པ་	NOUN
ས་	གིས་	PART
བརྟན་བཞུགས་	བརྟན་བཞུགས་	OTHER
གསོལ་འདེབས་	གསོལ་འདེབས་	NOUN
དང་	དང་	NO_POS
སྨན་དཔྱད་	སྨན་དཔྱད་	NOUN
སྐུ་རིམ་	སྐུ་རིམ་	NOUN
སོགས་	སོགས་	DET
རྒྱ་	རྒྱ་	NOUN
ཆེ་	ཆེ་	VERB
ར་	ལ་	PART
སྒྲུབ་པ་	སྒྲུབ་པ་	VERB
མཛད་	མཛད་	VERB
ན་	ན་	ADP
འང་	ཀྱང་	PART
།		PUNCT
ཞིང་	ཅིང་	PART
འདི་	འདི་	DET
འི་	གི་	PART
གདུལ་བྱ་	གདུལ་བྱ་	NOUN
རྫོགས་པ་	རྫོགས་པ་	VERB
ས་	གིས་	PART
ཟླ་བ་	ཟླ་བ་	NOUN
བརྒྱད་པ་	བརྒྱད་པ་	NUM
འི་	གི་	PART
ཉེ་	ཉེ་	NUM
བརྒྱད་	བརྒྱད་	NUM
ལ་	ལ་	PART
།		PUNCT
ནམ་མཁའ་	ནམ་མཁའ་	NOUN
དྭངས་པ་	དྭངས་པ་	VERB
ལ་	ལ་	ADP
ས་	གིས་	PART
ཁ་བ་	ཁ་བ་	NOUN
འི་	གི་	PART
འདབ་མ་	འདབ་མ་	NOUN
པདྨ་	པདྨ་	NOUN
ལྟ་	ལྟ་	OTHER
རྒྱས་པ་	རྒྱས་པ་	VERB
འི་	གི་	PART
ཆ་	ཆ་	NOUN
ར་	ལ་	PART
བར་སྣང་	བར་སྣང་	NOUN
ལ་	ལ་	PART
ལྡིང་བ་	ལྡིང་བ་	VERB
སོགས་	སོགས་	DET
ངོ་མཚར་བ་	ངོ་མཚར་བ་	ADJ
འི་	གི་	PART
རྟགས་	རྟགས་	NOUN
དང་	དང་	NO_POS
བཅའ་	བཅའ་	VERB
ཏེ་	སྟེ་	PART
སྐུ་གཤེགས་	སྐུ་གཤེགས་	NO_POS
།		PUNCT
དེ་	དེ་	DET
ར་	ལ་	PART
ཞག་	ཞག་	NOUN
གསུམ་	གསུམ་	NUM
མཆོད་པ་	མཆོད་པ་	VERB
ཕུལ་	ཕུལ་	VERB
རྗེས་	རྗེས་	NOUN
སྐུ་གདུང་	སྐུ་གདུང་	NOUN
གླ་	གླ་	NOUN
འཁོར་	འཁོར་	NOUN
རྩེ་		
གདན་	གདན་	NOUN
དྲངས་	དྲངས་	NO_POS
བདུན་	བདུན་	NUM
ཕྲག་	ཕྲག་	NUM
གཅིག་	གཅིག་	NUM
གི་	གི་	PART
བ་	བ་	NOUN
དུ་	ལ་	PART
གདུང་	གདུང་	NOUN
མཆོད་	མཆོད་	VERB
རྒྱ་	རྒྱ་	NOUN
ཆེ་	ཆེ་	VERB
ར་	ལ་	PART
ཕུལ་	ཕུལ་	VERB
ཅིང་	ཅིང་	PART
གསོལ་བ་	གསོལ་བ་	VERB
བཏབས་		NON_WORD
།		PUNCT
དེ་ནས་	དེ་ནས་	NO_POS
ཟླ་བ་	ཟླ་བ་	NOUN
དགུ་པ་	དགུ་པ་	ADJ
འི་	གི་	PART
ཚེ་	ཚེ་	NOUN
བརྒྱད་	བརྒྱད་	NUM
ཀྱི་	གི་	PART
སྲོད་	སྲོད་	ADV
ལ་	ལ་	PART
གདུང་	གདུང་	NOUN
ཞུགས་	ཞུགས་	VERB
ལ་	ལ་	PART
ཕུལ་བ་	ཕུལ་བ་	VERB
ཡུད་ཙམ་	ཡུད་ཙམ་	NO_POS
གྱིས་	གིས་	PART
བཞེས་	བཞེས་	VERB
ཤིང་	ཅིང་	PART
དབུ་	དབུ་	NOUN
ཀླད་	ཀླད་	NOUN
ལ་	ལ་	PART
རིང་བསྲེལ་	རིང་བསྲེལ་	NOUN
གྱི་	གི་	PART
གོང་བུ་	གོང་བུ་	OTHER
ཕེབས་པ་	ཕེབས་པ་	VERB
ད་ལྟ་	ད་ལྟ་	OTHER
ཡང་	ཀྱང་	PART
གླ་	གླ་	NOUN
འཁོར་	འཁོར་	NOUN
ན་	ལ་	PART
བཞུགས་	བཞུགས་	VERB
ཞེ་	ཅེས་	PART
གྲག་	གྲག་	VERB
།		PUNCT
གཞན་	གཞན་	DET
ཡང་	ཀྱང་	PART
རི་	རི་	NOUN
སུ་	ལ་	PART
མ་	མ་	PART
ཆད་པ་	ཆད་པ་	VERB
འི་	གི་	PART
སྐྱེས་ཆེན་	སྐྱེས་ཆེན་	OTHER
དམ་པ་	དམ་པ་	VERB
རྣམས་	རྣམས་	DET
ལ་	ལ་	PART
བསྔོ་རྟེན་	བསྔོ་རྟེན་	NO_POS
དང་	དང་	NO_POS
།		PUNCT
དགེ་འདུན་	དགེ་འདུན་	NOUN
སྡེ་	སྡེ་	NOUN
མང་པོ་	མང་པོ་	ADJ
ར་	ལ་	PART
མང་	མང་	VERB
ཇ་	ཇ་	OTHER
ཚ་གྲ་	ཚ་གྲ་	NO_POS
སོགས་	སོགས་	DET
གང་	གང་	NO_POS
ལ་	ལ་	PART
གང་	གང་	NO_POS
འོ་	འོ་	VERB
ཀྱི་	གི་	PART
མཆོད་སྦྱིན་	མཆོད་སྦྱིན་	NOUN
རྒྱ་ཆེན་པོ་	རྒྱ་ཆེན་པོ་	ADJ
ས་	གིས་	PART
དགོངས་པ་	དགོངས་པ་	VERB
སྐོང་བ་	སྐོང་བ་	VERB
འི་	གི་	PART
ཐབས་	ཐབས་	NOUN
ལ་	ལ་	PART
བརྩོན་པ་	བརྩོན་པ་	VERB
ཆེ་	ཆེ་	VERB
ཐང་	ཐང་	NOUN
དུ་	ལ་	PART
མཛད་	མཛད་	VERB
ན་	ནས་	PART
།		PUNCT
གདུང་ཐལ་	གདུང་ཐལ་	NOUN
རྣམས་	རྣམས་	DET
ལ་	ལ་	PART
སཱཙྪ་		NON_WORD
བཏབས་		NON_WORD
ཏེ་	སྟེ་	PART
ཕྱི་རོལ་	ཕྱི་རོལ་	NOUN
དུ་	ལ་	PART
ཁང་	ཁང་	NOUN
བརྩེགས་	བརྩེགས་	NO_POS
མཆོད་རྟེན་	མཆོད་རྟེན་	NOUN
བཞེངས་པ་	བཞེངས་པ་	VERB
ར་	ལ་	PART
བཞུགས་	བཞུགས་	VERB
སུ་	ལ་	PART
གསོལ་	གསོལ་	VERB
།		PUNCT
ནང་	ནང་	NOUN
རྟེན་	རྟེན་	NOUN
དུ་	ལ་	PART
གསེར་ཟངས་	གསེར་ཟངས་	NO_POS
ཀྱི་	གི་	PART
མཆོད་རྟེན་	མཆོད་རྟེན་	NOUN
ཁྲུ་	ཁྲུ་	NOUN
གང་	གང་	NO_POS
ཙམ་	ཙམ་	DET
ཞིག་	ཅིག་	PART
དང་	དང་	NO_POS
།		PUNCT
གཟིམས་མལ་	གཟིམས་མལ་	NOUN
འདྲ་འབག་	འདྲ་འབག་	OTHER
བཅའ་	བཅའ་	VERB
བལ་ཡུལ་	བལ་ཡུལ་	PROPN
དུ་	ལ་	PART
བཞེངས་	བཞེངས་	NO_POS
སུ་	ལ་	PART
གསོལ་	གསོལ་	VERB
ན་	ནས་	PART
གདན་	གདན་	NOUN
དྲངས་	དྲངས་	NO_POS
ཏེ་	སྟེ་	PART
།		PUNCT
གདུང་རུས་	གདུང་རུས་	OTHER
སོགས་	སོགས་	DET
རིང་བསྲེལ་	རིང་བསྲེལ་	NOUN
རྣམ་	རྣམ་	NOUN
བཞི་	བཞི་	NUM
ས་	གིས་	PART
གཏམས་པ་	གཏམས་པ་	NO_POS
ར་	ལ་	PART
རབ་གནས་	རབ་གནས་	NOUN
མངའ་	མངའ་	VERB
གསོལ་	གསོལ་	VERB
རྒྱས་པ་	རྒྱས་པ་	VERB
ར་	ལ་	PART
མཛད་པ་	མཛད་པ་	VERB
སོགས་	སོགས་	DET
གཙོ་བོ་	གཙོ་བོ་	ADJ
ར་	ལ་	PART
གདན་ས་བ་	གདན་ས་བ་	NOUN
འཆི་མེད་	འཆི་མེད་	NOUN
ཕུན་ཚོགས་	ཕུན་ཚོགས་	ADJ
བསྟན་	བསྟན་	VERB
རྒྱ་	རྒྱ་	VERB
སོགས་	སོགས་	DET
སྐུ་	སྐུ་	NOUN
འི་	གི་	PART
དབོན་པོ་	དབོན་པོ་	NOUN
རྣམས་	རྣམས་	DET
ཀྱིས་	གིས་	PART
ཕྱག་ལེན་	ཕྱག་ལེན་	NOUN
དུ་	ལ་	PART
བཏབས་པ་	བཏབས་པ་	NON_WORD
ལ་	ལ་	PART
།		PUNCT
སྐུ་	སྐུ་	NOUN
འི་	གི་	PART
སྲིང་མོ་	སྲིང་མོ་	NOUN
ཀུན་དགའ་	ཀུན་དགའ་	PROPN
ཆོ་	ཆོ་	NOUN
སྒྲོན་	སྒྲོན་	NOUN
དང་	དང་	NO_POS
།		PUNCT
ཆོས་མཛད་	ཆོས་མཛད་	PROPN
སྨན་	སྨན་	NOUN
ལྷ་	ལྷ་	NOUN
སོགས་	སོགས་	DET
ཀྱིས་	གིས་	PART
གྲོག་	གྲོག་	NOUN
མཛད་པ་	མཛད་པ་	VERB
ས་	གིས་	PART
གནས་སྐབས་	གནས་སྐབས་	NOUN
ཐུགས་	ཐུགས་	NOUN
གྲྭ་	གྲྭ་	NOUN
འགྲིག་	འགྲིག་	VERB
ཅིང་	ཅིང་	PART
།		PUNCT
གདན་ས་	གདན་ས་	NOUN
དེ་ཉིད་	དེ་ཉིད་	NOUN
ཀྱང་	ཀྱང་	PART
ཤིན་ཏུ་	ཤིན་ཏུ་	NO_POS
བཀྲ་ཤིས་པ་	བཀྲ་ཤིས་པ་	NOUN
ར་	ལ་	PART
གྱུར་པ་	གྱུར་པ་	VERB
འདི་	འདི་	DET
ཡིན་	ཡིན་	NO_POS
ནོ་	གོ་	PART
། །		PUNCT
དེ་ལྟ་	དེ་ལྟ་	NO_POS
དཔལ་	དཔལ་	OTHER
དིང་རི་བ་	དིང་རི་བ་	PROPN
ཆེན་པོ་	ཆེན་པོ་	ADJ
འི་	གི་	PART
རྣམ་ཐར་	རྣམ་ཐར་	NOUN
མདོར་བསྡུས་པ་	མདོར་བསྡུས་པ་	OTHER
འདི་	འདི་	DET
ཡང་	ཀྱང་	PART
།		PUNCT
སྨྱོས་	སྨྱོས་	NO_POS
ཀྱི་	གི་	PART
དགེ་སློང་	དགེ་སློང་	NOUN
རྨོངས་པ་	རྨོངས་པ་	VERB
དྷརྨ་		NON_WORD
ཤྲཱིས་		NON_WORD
།		PUNCT
ལྷོ་བྲག་	ལྷོ་བྲག་	PROPN
ན་	ནས་	PART
རང་གནས་	རང་གནས་	NOUN
སུ་	ལ་	PART
ཕྱི་	ཕྱི་	NOUN
ལྡོག་པ་	ལྡོག་པ་	VERB
འི་	གི་	PART
ཞག་མལ་	ཞག་མལ་	NO_POS
རྣམས་	རྣམས་	DET
སུ་	ལ་	PART
རིམ་པ་	རིམ་པ་	NOUN
ར་	ལ་	PART
སྤེལ་བ་	སྤེལ་བ་	VERB
ལ་	ལ་	ADP
ས་	གིས་	PART
།		PUNCT
ལྕགས་	ལྕགས་	NOUN
འབྲུག་	འབྲུག་	NOUN
དབྱུག་ཟླ་	དབྱུག་ཟླ་	NO_POS
འི་	གི་	PART
ཉེ་	ཉེ་	NUM
ལྔ་	ལྔ་	NUM
འི་	གི་	PART
ཉི་མ་	ཉི་མ་	NOUN
གུང་	གུང་	ADV
ལ་	ལ་	PART
བབས་པ་	བབས་པ་	VERB
ན་	ལ་	PART
།		PUNCT
གྲ་	གྲ་	NOUN
མདའ་	མདའ་	NOUN
གྲེ་མོ་	གྲེ་མོ་	NOUN
འི་	གི་	PART
གླིང་ཁ་	གླིང་ཁ་	NO_POS
ར་	ལ་	PART
རྫོགས་པ་	རྫོགས་པ་	VERB
ར་	ལ་	PART
བགྱིས་པ་	བགྱིས་པ་	VERB
འོ་	གོ་	PART
།།  །།		PUNCT
ཨཱོྃསུཔྲཏིཥྛབཛྲསྭཱཧཱ་		NON_WORD
།། །།		PUNCT
